file,line,type,commit,author,date,time,timezone,datetime,depth,length
style.css,1,css,1f20ce27,jueedeshmukh,2026-04-10,10:18:40,-07:00,2026-04-10T10:18:40-07:00,0,5
style.css,2,css,1f20ce27,jueedeshmukh,2026-04-10,10:18:40,-07:00,2026-04-10T10:18:40-07:00,1,33
style.css,3,css,1f20ce27,jueedeshmukh,2026-04-10,10:18:40,-07:00,2026-04-10T10:18:40-07:00,1,32
style.css,4,css,1f20ce27,jueedeshmukh,2026-04-10,10:18:40,-07:00,2026-04-10T10:18:40-07:00,0,0
style.css,5,css,720f97ba,jueedeshmukh,2026-04-16,14:01:44,-07:00,2026-04-16T14:01:44-07:00,0,0
style.css,6,css,720f97ba,jueedeshmukh,2026-04-16,14:01:44,-07:00,2026-04-16T14:01:44-07:00,0,4
style.css,7,css,720f97ba,jueedeshmukh,2026-04-16,14:01:44,-07:00,2026-04-16T14:01:44-07:00,1,23
style.css,8,css,720f97ba,jueedeshmukh,2026-04-16,14:01:44,-07:00,2026-04-16T14:01:44-07:00,0,0
style.css,9,css,07ecf9c3,jueedeshmukh,2026-04-03,11:35:20,-07:00,2026-04-03T11:35:20-07:00,0,4
style.css,10,css,07ecf9c3,jueedeshmukh,2026-04-03,11:35:20,-07:00,2026-04-03T11:35:20-07:00,1,43
style.css,11,css,07ecf9c3,jueedeshmukh,2026-04-03,11:35:20,-07:00,2026-04-03T11:35:20-07:00,0,42
style.css,12,css,07ecf9c3,jueedeshmukh,2026-04-03,11:35:20,-07:00,2026-04-03T11:35:20-07:00,0,0
style.css,13,css,07ecf9c3,jueedeshmukh,2026-04-03,11:35:20,-07:00,2026-04-03T11:35:20-07:00,1,23
style.css,14,css,1aaba244,jueedeshmukh,2026-04-10,09:59:54,-07:00,2026-04-10T09:59:54-07:00,1,15
style.css,15,css,1aaba244,jueedeshmukh,2026-04-10,09:59:54,-07:00,2026-04-10T09:59:54-07:00,1,18
style.css,16,css,1f20ce27,jueedeshmukh,2026-04-10,10:18:40,-07:00,2026-04-10T10:18:40-07:00,1,17
style.css,17,css,1f20ce27,jueedeshmukh,2026-04-10,10:18:40,-07:00,2026-04-10T10:18:40-07:00,0,0
style.css,18,css,1f20ce27,jueedeshmukh,2026-04-10,10:18:40,-07:00,2026-04-10T10:18:40-07:00,0,0
style.css,19,css,1f20ce27,jueedeshmukh,2026-04-10,10:18:40,-07:00,2026-04-10T10:18:40-07:00,0,3
style.css,20,css,720f97ba,jueedeshmukh,2026-04-16,14:01:44,-07:00,2026-04-16T14:01:44-07:00,1,39
style.css,21,css,1f20ce27,jueedeshmukh,2026-04-10,10:18:40,-07:00,2026-04-10T10:18:40-07:00,1,12
style.css,22,css,1f20ce27,jueedeshmukh,2026-04-10,10:18:40,-07:00,2026-04-10T10:18:40-07:00,1,18
style.css,23,css,720f97ba,jueedeshmukh,2026-04-16,14:01:44,-07:00,2026-04-16T14:01:44-07:00,1,43
style.css,24,css,1f20ce27,jueedeshmukh,2026-04-10,10:18:40,-07:00,2026-04-10T10:18:40-07:00,0,0
style.css,25,css,1f20ce27,jueedeshmukh,2026-04-10,10:18:40,-07:00,2026-04-10T10:18:40-07:00,0,0
style.css,26,css,1f20ce27,jueedeshmukh,2026-04-10,10:18:40,-07:00,2026-04-10T10:18:40-07:00,0,5
style.css,27,css,1f20ce27,jueedeshmukh,2026-04-10,10:18:40,-07:00,2026-04-10T10:18:40-07:00,1,6
style.css,28,css,1f20ce27,jueedeshmukh,2026-04-10,10:18:40,-07:00,2026-04-10T10:18:40-07:00,1,20
style.css,29,css,1f20ce27,jueedeshmukh,2026-04-10,10:18:40,-07:00,2026-04-10T10:18:40-07:00,1,13
style.css,30,css,1f20ce27,jueedeshmukh,2026-04-10,10:18:40,-07:00,2026-04-10T10:18:40-07:00,1,17
style.css,31,css,1f20ce27,jueedeshmukh,2026-04-10,10:18:40,-07:00,2026-04-10T10:18:40-07:00,1,13
style.css,32,css,1f20ce27,jueedeshmukh,2026-04-10,10:18:40,-07:00,2026-04-10T10:18:40-07:00,0,0
style.css,33,css,1f20ce27,jueedeshmukh,2026-04-10,10:18:40,-07:00,2026-04-10T10:18:40-07:00,0,0
style.css,34,css,1f20ce27,jueedeshmukh,2026-04-10,10:18:40,-07:00,2026-04-10T10:18:40-07:00,0,13
style.css,35,css,720f97ba,jueedeshmukh,2026-04-16,14:01:44,-07:00,2026-04-16T14:01:44-07:00,1,45
style.css,36,css,1f20ce27,jueedeshmukh,2026-04-10,10:18:40,-07:00,2026-04-10T10:18:40-07:00,1,20
style.css,37,css,1f20ce27,jueedeshmukh,2026-04-10,10:18:40,-07:00,2026-04-10T10:18:40-07:00,0,0
style.css,38,css,1f20ce27,jueedeshmukh,2026-04-10,10:18:40,-07:00,2026-04-10T10:18:40-07:00,0,0
style.css,39,css,1f20ce27,jueedeshmukh,2026-04-10,10:18:40,-07:00,2026-04-10T10:18:40-07:00,0,11
style.css,40,css,1f20ce27,jueedeshmukh,2026-04-10,10:18:40,-07:00,2026-04-10T10:18:40-07:00,1,45
style.css,41,css,1f20ce27,jueedeshmukh,2026-04-10,10:18:40,-07:00,2026-04-10T10:18:40-07:00,1,20
style.css,42,css,720f97ba,jueedeshmukh,2026-04-16,14:01:44,-07:00,2026-04-16T14:01:44-07:00,1,69
style.css,43,css,720f97ba,jueedeshmukh,2026-04-16,14:01:44,-07:00,2026-04-16T14:01:44-07:00,1,0
style.css,44,css,1f20ce27,jueedeshmukh,2026-04-10,10:18:40,-07:00,2026-04-10T10:18:40-07:00,0,0
style.css,45,css,1f20ce27,jueedeshmukh,2026-04-10,10:18:40,-07:00,2026-04-10T10:18:40-07:00,0,0
style.css,46,css,1f20ce27,jueedeshmukh,2026-04-10,10:18:40,-07:00,2026-04-10T10:18:40-07:00,0,4
style.css,47,css,1f20ce27,jueedeshmukh,2026-04-10,10:18:40,-07:00,2026-04-10T10:18:40-07:00,0,7
style.css,48,css,e169953c,jueedeshmukh,2026-04-16,14:08:47,-07:00,2026-04-16T14:08:47-07:00,0,5
style.css,49,css,e169953c,jueedeshmukh,2026-04-16,14:08:47,-07:00,2026-04-16T14:08:47-07:00,0,6
style.css,50,css,1f20ce27,jueedeshmukh,2026-04-10,10:18:40,-07:00,2026-04-10T10:18:40-07:00,1,12
style.css,51,css,1f20ce27,jueedeshmukh,2026-04-10,10:18:40,-07:00,2026-04-10T10:18:40-07:00,0,0
style.css,52,css,1f20ce27,jueedeshmukh,2026-04-10,10:18:40,-07:00,2026-04-10T10:18:40-07:00,0,0
style.css,53,css,e169953c,jueedeshmukh,2026-04-16,14:08:47,-07:00,2026-04-16T14:08:47-07:00,0,13
style.css,54,css,e169953c,jueedeshmukh,2026-04-16,14:08:47,-07:00,2026-04-16T14:08:47-07:00,1,17
style.css,55,css,e169953c,jueedeshmukh,2026-04-16,14:08:47,-07:00,2026-04-16T14:08:47-07:00,1,8
style.css,56,css,e169953c,jueedeshmukh,2026-04-16,14:08:47,-07:00,2026-04-16T14:08:47-07:00,1,10
style.css,57,css,e169953c,jueedeshmukh,2026-04-16,14:08:47,-07:00,2026-04-16T14:08:47-07:00,1,13
style.css,58,css,e169953c,jueedeshmukh,2026-04-16,14:08:47,-07:00,2026-04-16T14:08:47-07:00,0,0
style.css,59,css,e169953c,jueedeshmukh,2026-04-16,14:08:47,-07:00,2026-04-16T14:08:47-07:00,0,0
style.css,60,css,1f20ce27,jueedeshmukh,2026-04-10,10:18:40,-07:00,2026-04-10T10:18:40-07:00,0,4
style.css,61,css,1f20ce27,jueedeshmukh,2026-04-10,10:18:40,-07:00,2026-04-10T10:18:40-07:00,1,12
style.css,62,css,1f20ce27,jueedeshmukh,2026-04-10,10:18:40,-07:00,2026-04-10T10:18:40-07:00,1,30
style.css,63,css,b198a1eb,jueedeshmukh,2026-04-10,10:30:33,-07:00,2026-04-10T10:30:33-07:00,1,8
style.css,64,css,b198a1eb,jueedeshmukh,2026-04-10,10:30:33,-07:00,2026-04-10T10:30:33-07:00,0,0
style.css,65,css,b198a1eb,jueedeshmukh,2026-04-10,10:30:33,-07:00,2026-04-10T10:30:33-07:00,0,0
style.css,66,css,b198a1eb,jueedeshmukh,2026-04-10,10:30:33,-07:00,2026-04-10T10:30:33-07:00,0,5
style.css,67,css,b198a1eb,jueedeshmukh,2026-04-10,10:30:33,-07:00,2026-04-10T10:30:33-07:00,1,12
style.css,68,css,b198a1eb,jueedeshmukh,2026-04-10,10:30:33,-07:00,2026-04-10T10:30:33-07:00,1,29
style.css,69,css,b198a1eb,jueedeshmukh,2026-04-10,10:30:33,-07:00,2026-04-10T10:30:33-07:00,1,18
style.css,70,css,b198a1eb,jueedeshmukh,2026-04-10,10:30:33,-07:00,2026-04-10T10:30:33-07:00,0,0
style.css,71,css,b198a1eb,jueedeshmukh,2026-04-10,10:30:33,-07:00,2026-04-10T10:30:33-07:00,0,0
style.css,72,css,b198a1eb,jueedeshmukh,2026-04-10,10:30:33,-07:00,2026-04-10T10:30:33-07:00,0,6
style.css,73,css,b198a1eb,jueedeshmukh,2026-04-10,10:30:33,-07:00,2026-04-10T10:30:33-07:00,1,18
style.css,74,css,1f20ce27,jueedeshmukh,2026-04-10,10:18:40,-07:00,2026-04-10T10:18:40-07:00,0,0
style.css,75,css,1f20ce27,jueedeshmukh,2026-04-10,10:18:40,-07:00,2026-04-10T10:18:40-07:00,0,0
style.css,76,css,608542bb,jueedeshmukh,2026-04-10,10:38:02,-07:00,2026-04-10T10:38:02-07:00,0,9
style.css,77,css,608542bb,jueedeshmukh,2026-04-10,10:38:02,-07:00,2026-04-10T10:38:02-07:00,1,12
style.css,78,css,608542bb,jueedeshmukh,2026-04-10,10:38:02,-07:00,2026-04-10T10:38:02-07:00,1,58
style.css,79,css,608542bb,jueedeshmukh,2026-04-10,10:38:02,-07:00,2026-04-10T10:38:02-07:00,1,7
style.css,80,css,608542bb,jueedeshmukh,2026-04-10,10:38:02,-07:00,2026-04-10T10:38:02-07:00,0,0
style.css,81,css,608542bb,jueedeshmukh,2026-04-10,10:38:02,-07:00,2026-04-10T10:38:02-07:00,0,0
style.css,82,css,f3d8ad2d,jueedeshmukh,2026-04-27,13:37:01,-07:00,2026-04-27T13:37:01-07:00,0,17
style.css,83,css,f3d8ad2d,jueedeshmukh,2026-04-27,13:37:01,-07:00,2026-04-27T13:37:01-07:00,1,66
style.css,84,css,f3d8ad2d,jueedeshmukh,2026-04-27,13:37:01,-07:00,2026-04-27T13:37:01-07:00,1,64
style.css,85,css,f3d8ad2d,jueedeshmukh,2026-04-27,13:37:01,-07:00,2026-04-27T13:37:01-07:00,1,20
style.css,86,css,f3d8ad2d,jueedeshmukh,2026-04-27,13:37:01,-07:00,2026-04-27T13:37:01-07:00,1,14
style.css,87,css,f3d8ad2d,jueedeshmukh,2026-04-27,13:37:01,-07:00,2026-04-27T13:37:01-07:00,1,74
style.css,88,css,f3d8ad2d,jueedeshmukh,2026-04-27,13:37:01,-07:00,2026-04-27T13:37:01-07:00,0,0
style.css,89,css,f3d8ad2d,jueedeshmukh,2026-04-27,13:37:01,-07:00,2026-04-27T13:37:01-07:00,0,0
style.css,90,css,f3d8ad2d,jueedeshmukh,2026-04-27,13:37:01,-07:00,2026-04-27T13:37:01-07:00,0,23
style.css,91,css,f3d8ad2d,jueedeshmukh,2026-04-27,13:37:01,-07:00,2026-04-27T13:37:01-07:00,1,12
style.css,92,css,f3d8ad2d,jueedeshmukh,2026-04-27,13:37:01,-07:00,2026-04-27T13:37:01-07:00,1,11
style.css,93,css,f3d8ad2d,jueedeshmukh,2026-04-27,13:37:01,-07:00,2026-04-27T13:37:01-07:00,0,0
style.css,94,css,f3d8ad2d,jueedeshmukh,2026-04-27,13:37:01,-07:00,2026-04-27T13:37:01-07:00,0,0
style.css,95,css,f3d8ad2d,jueedeshmukh,2026-04-27,13:37:01,-07:00,2026-04-27T13:37:01-07:00,0,25
style.css,96,css,f3d8ad2d,jueedeshmukh,2026-04-27,13:37:01,-07:00,2026-04-27T13:37:01-07:00,1,8
style.css,97,css,f3d8ad2d,jueedeshmukh,2026-04-27,13:37:01,-07:00,2026-04-27T13:37:01-07:00,0,0
style.css,98,css,f3d8ad2d,jueedeshmukh,2026-04-27,13:37:01,-07:00,2026-04-27T13:37:01-07:00,0,0
style.css,99,css,f3d8ad2d,jueedeshmukh,2026-04-27,13:37:01,-07:00,2026-04-27T13:37:01-07:00,0,23
style.css,100,css,f3d8ad2d,jueedeshmukh,2026-04-27,13:37:01,-07:00,2026-04-27T13:37:01-07:00,1,17
style.css,101,css,f3d8ad2d,jueedeshmukh,2026-04-27,13:37:01,-07:00,2026-04-27T13:37:01-07:00,1,15
style.css,102,css,f3d8ad2d,jueedeshmukh,2026-04-27,13:37:01,-07:00,2026-04-27T13:37:01-07:00,1,21
style.css,103,css,f3d8ad2d,jueedeshmukh,2026-04-27,13:37:01,-07:00,2026-04-27T13:37:01-07:00,1,62
style.css,104,css,f3d8ad2d,jueedeshmukh,2026-04-27,13:37:01,-07:00,2026-04-27T13:37:01-07:00,1,24
style.css,105,css,f3d8ad2d,jueedeshmukh,2026-04-27,13:37:01,-07:00,2026-04-27T13:37:01-07:00,0,0
style.css,106,css,f3d8ad2d,jueedeshmukh,2026-04-27,13:37:01,-07:00,2026-04-27T13:37:01-07:00,0,0
style.css,107,css,608542bb,jueedeshmukh,2026-04-10,10:38:02,-07:00,2026-04-10T10:38:02-07:00,0,7
style.css,108,css,608542bb,jueedeshmukh,2026-04-10,10:38:02,-07:00,2026-04-10T10:38:02-07:00,1,12
style.css,109,css,608542bb,jueedeshmukh,2026-04-10,10:38:02,-07:00,2026-04-10T10:38:02-07:00,1,26
style.css,110,css,608542bb,jueedeshmukh,2026-04-10,10:38:02,-07:00,2026-04-10T10:38:02-07:00,1,15
style.css,111,css,608542bb,jueedeshmukh,2026-04-10,10:38:02,-07:00,2026-04-10T10:38:02-07:00,0,0
style.css,112,css,608542bb,jueedeshmukh,2026-04-10,10:38:02,-07:00,2026-04-10T10:38:02-07:00,0,0
style.css,113,css,608542bb,jueedeshmukh,2026-04-10,10:38:02,-07:00,2026-04-10T10:38:02-07:00,0,10
style.css,114,css,608542bb,jueedeshmukh,2026-04-10,10:38:02,-07:00,2026-04-10T10:38:02-07:00,1,8
style.css,115,css,608542bb,jueedeshmukh,2026-04-10,10:38:02,-07:00,2026-04-10T10:38:02-07:00,0,0
style.css,116,css,608542bb,jueedeshmukh,2026-04-10,10:38:02,-07:00,2026-04-10T10:38:02-07:00,0,0
style.css,117,css,608542bb,jueedeshmukh,2026-04-10,10:38:02,-07:00,2026-04-10T10:38:02-07:00,0,1
style.css,118,css,608542bb,jueedeshmukh,2026-04-10,10:38:02,-07:00,2026-04-10T10:38:02-07:00,0,1
style.css,119,css,608542bb,jueedeshmukh,2026-04-10,10:38:02,-07:00,2026-04-10T10:38:02-07:00,0,1
style.css,120,css,608542bb,jueedeshmukh,2026-04-10,10:38:02,-07:00,2026-04-10T10:38:02-07:00,0,1
style.css,121,css,608542bb,jueedeshmukh,2026-04-10,10:38:02,-07:00,2026-04-10T10:38:02-07:00,0,1
style.css,122,css,608542bb,jueedeshmukh,2026-04-10,10:38:02,-07:00,2026-04-10T10:38:02-07:00,0,2
style.css,123,css,608542bb,jueedeshmukh,2026-04-10,10:38:02,-07:00,2026-04-10T10:38:02-07:00,1,15
style.css,124,css,608542bb,jueedeshmukh,2026-04-10,10:38:02,-07:00,2026-04-10T10:38:02-07:00,1,17
style.css,125,css,608542bb,jueedeshmukh,2026-04-10,10:38:02,-07:00,2026-04-10T10:38:02-07:00,0,0
style.css,126,css,608542bb,jueedeshmukh,2026-04-10,10:38:02,-07:00,2026-04-10T10:38:02-07:00,0,0
style.css,127,css,608542bb,jueedeshmukh,2026-04-10,10:38:02,-07:00,2026-04-10T10:38:02-07:00,0,2
style.css,128,css,608542bb,jueedeshmukh,2026-04-10,10:38:02,-07:00,2026-04-10T10:38:02-07:00,1,14
style.css,129,css,608542bb,jueedeshmukh,2026-04-10,10:38:02,-07:00,2026-04-10T10:38:02-07:00,0,0
style.css,130,css,608542bb,jueedeshmukh,2026-04-10,10:38:02,-07:00,2026-04-10T10:38:02-07:00,0,0
style.css,131,css,e41087b7,jueedeshmukh,2026-04-10,10:45:25,-07:00,2026-04-10T10:45:25-07:00,0,19
style.css,132,css,e41087b7,jueedeshmukh,2026-04-10,10:45:25,-07:00,2026-04-10T10:45:25-07:00,1,18
style.css,133,css,e41087b7,jueedeshmukh,2026-04-10,10:45:25,-07:00,2026-04-10T10:45:25-07:00,1,17
style.css,134,css,e41087b7,jueedeshmukh,2026-04-10,10:45:25,-07:00,2026-04-10T10:45:25-07:00,1,10
style.css,135,css,e41087b7,jueedeshmukh,2026-04-10,10:45:25,-07:00,2026-04-10T10:45:25-07:00,1,12
style.css,136,css,e41087b7,jueedeshmukh,2026-04-10,10:45:25,-07:00,2026-04-10T10:45:25-07:00,1,19
style.css,137,css,e41087b7,jueedeshmukh,2026-04-10,10:45:25,-07:00,2026-04-10T10:45:25-07:00,1,14
style.css,138,css,e41087b7,jueedeshmukh,2026-04-10,10:45:25,-07:00,2026-04-10T10:45:25-07:00,1,27
style.css,139,css,e41087b7,jueedeshmukh,2026-04-10,10:45:25,-07:00,2026-04-10T10:45:25-07:00,1,25
style.css,140,css,e41087b7,jueedeshmukh,2026-04-10,10:45:25,-07:00,2026-04-10T10:45:25-07:00,1,34
style.css,141,css,e41087b7,jueedeshmukh,2026-04-10,10:45:25,-07:00,2026-04-10T10:45:25-07:00,1,19
style.css,142,css,e41087b7,jueedeshmukh,2026-04-10,10:45:25,-07:00,2026-04-10T10:45:25-07:00,0,0
style.css,143,css,e41087b7,jueedeshmukh,2026-04-10,10:45:25,-07:00,2026-04-10T10:45:25-07:00,0,0
style.css,144,css,e41087b7,jueedeshmukh,2026-04-10,10:45:25,-07:00,2026-04-10T10:45:25-07:00,0,25
style.css,145,css,e41087b7,jueedeshmukh,2026-04-10,10:45:25,-07:00,2026-04-10T10:45:25-07:00,1,25
style.css,146,css,e41087b7,jueedeshmukh,2026-04-10,10:45:25,-07:00,2026-04-10T10:45:25-07:00,0,0
style.css,147,css,e41087b7,jueedeshmukh,2026-04-10,10:45:25,-07:00,2026-04-10T10:45:25-07:00,0,0
style.css,148,css,e41087b7,jueedeshmukh,2026-04-10,10:45:25,-07:00,2026-04-10T10:45:25-07:00,0,26
style.css,149,css,e41087b7,jueedeshmukh,2026-04-10,10:45:25,-07:00,2026-04-10T10:45:25-07:00,1,17
style.css,150,css,e41087b7,jueedeshmukh,2026-04-10,10:45:25,-07:00,2026-04-10T10:45:25-07:00,1,5
style.css,151,css,e41087b7,jueedeshmukh,2026-04-10,10:45:25,-07:00,2026-04-10T10:45:25-07:00,1,6
style.css,152,css,e41087b7,jueedeshmukh,2026-04-10,10:45:25,-07:00,2026-04-10T10:45:25-07:00,1,7
style.css,153,css,e41087b7,jueedeshmukh,2026-04-10,10:45:25,-07:00,2026-04-10T10:45:25-07:00,1,8
style.css,154,css,e41087b7,jueedeshmukh,2026-04-10,10:45:25,-07:00,2026-04-10T10:45:25-07:00,1,26
style.css,155,css,e41087b7,jueedeshmukh,2026-04-10,10:45:25,-07:00,2026-04-10T10:45:25-07:00,1,12
style.css,156,css,e41087b7,jueedeshmukh,2026-04-10,10:45:25,-07:00,2026-04-10T10:45:25-07:00,1,21
style.css,157,css,e41087b7,jueedeshmukh,2026-04-10,10:45:25,-07:00,2026-04-10T10:45:25-07:00,1,22
style.css,158,css,e41087b7,jueedeshmukh,2026-04-10,10:45:25,-07:00,2026-04-10T10:45:25-07:00,1,13
style.css,159,css,e41087b7,jueedeshmukh,2026-04-10,10:45:25,-07:00,2026-04-10T10:45:25-07:00,0,0
style.css,160,css,e41087b7,jueedeshmukh,2026-04-10,10:45:25,-07:00,2026-04-10T10:45:25-07:00,0,0
style.css,161,css,e41087b7,jueedeshmukh,2026-04-10,10:45:25,-07:00,2026-04-10T10:45:25-07:00,0,29
style.css,162,css,e41087b7,jueedeshmukh,2026-04-10,10:45:25,-07:00,2026-04-10T10:45:25-07:00,1,18
style.css,163,css,e41087b7,jueedeshmukh,2026-04-10,10:45:25,-07:00,2026-04-10T10:45:25-07:00,0,0
style.css,164,css,e41087b7,jueedeshmukh,2026-04-10,10:45:25,-07:00,2026-04-10T10:45:25-07:00,0,0
style.css,165,css,e41087b7,jueedeshmukh,2026-04-10,10:45:25,-07:00,2026-04-10T10:45:25-07:00,0,31
style.css,166,css,e41087b7,jueedeshmukh,2026-04-10,10:45:25,-07:00,2026-04-10T10:45:25-07:00,1,15
style.css,167,css,e41087b7,jueedeshmukh,2026-04-10,10:45:25,-07:00,2026-04-10T10:45:25-07:00,1,21
style.css,168,css,e41087b7,jueedeshmukh,2026-04-10,10:45:25,-07:00,2026-04-10T10:45:25-07:00,0,0
style.css,169,css,e41087b7,jueedeshmukh,2026-04-10,10:45:25,-07:00,2026-04-10T10:45:25-07:00,0,0
style.css,170,css,e41087b7,jueedeshmukh,2026-04-10,10:45:25,-07:00,2026-04-10T10:45:25-07:00,0,22
style.css,171,css,e41087b7,jueedeshmukh,2026-04-10,10:45:25,-07:00,2026-04-10T10:45:25-07:00,1,17
style.css,172,css,e41087b7,jueedeshmukh,2026-04-10,10:45:25,-07:00,2026-04-10T10:45:25-07:00,1,5
style.css,173,css,e41087b7,jueedeshmukh,2026-04-10,10:45:25,-07:00,2026-04-10T10:45:25-07:00,1,6
style.css,174,css,e41087b7,jueedeshmukh,2026-04-10,10:45:25,-07:00,2026-04-10T10:45:25-07:00,1,7
style.css,175,css,e41087b7,jueedeshmukh,2026-04-10,10:45:25,-07:00,2026-04-10T10:45:25-07:00,1,8
style.css,176,css,e41087b7,jueedeshmukh,2026-04-10,10:45:25,-07:00,2026-04-10T10:45:25-07:00,1,26
style.css,177,css,e41087b7,jueedeshmukh,2026-04-10,10:45:25,-07:00,2026-04-10T10:45:25-07:00,1,25
style.css,178,css,e41087b7,jueedeshmukh,2026-04-10,10:45:25,-07:00,2026-04-10T10:45:25-07:00,1,13
style.css,179,css,e41087b7,jueedeshmukh,2026-04-10,10:45:25,-07:00,2026-04-10T10:45:25-07:00,1,8
style.css,180,css,e41087b7,jueedeshmukh,2026-04-10,10:45:25,-07:00,2026-04-10T10:45:25-07:00,1,32
style.css,181,css,e41087b7,jueedeshmukh,2026-04-10,10:45:25,-07:00,2026-04-10T10:45:25-07:00,1,12
style.css,182,css,e41087b7,jueedeshmukh,2026-04-10,10:45:25,-07:00,2026-04-10T10:45:25-07:00,1,21
style.css,183,css,e41087b7,jueedeshmukh,2026-04-10,10:45:25,-07:00,2026-04-10T10:45:25-07:00,1,22
style.css,184,css,e41087b7,jueedeshmukh,2026-04-10,10:45:25,-07:00,2026-04-10T10:45:25-07:00,1,15
style.css,185,css,e41087b7,jueedeshmukh,2026-04-10,10:45:25,-07:00,2026-04-10T10:45:25-07:00,0,0
style.css,186,css,e41087b7,jueedeshmukh,2026-04-10,10:45:25,-07:00,2026-04-10T10:45:25-07:00,0,0
style.css,187,css,70182a4f,jueedeshmukh,2026-04-24,20:34:55,-07:00,2026-04-24T20:34:55-07:00,0,27
style.css,188,css,70182a4f,jueedeshmukh,2026-04-24,20:34:55,-07:00,2026-04-24T20:34:55-07:00,1,12
style.css,189,css,70182a4f,jueedeshmukh,2026-04-24,20:34:55,-07:00,2026-04-24T20:34:55-07:00,1,58
style.css,190,css,70182a4f,jueedeshmukh,2026-04-24,20:34:55,-07:00,2026-04-24T20:34:55-07:00,1,8
style.css,191,css,70182a4f,jueedeshmukh,2026-04-24,20:34:55,-07:00,2026-04-24T20:34:55-07:00,0,0
style.css,192,css,70182a4f,jueedeshmukh,2026-04-24,20:34:55,-07:00,2026-04-24T20:34:55-07:00,0,0
style.css,193,css,70182a4f,jueedeshmukh,2026-04-24,20:34:55,-07:00,2026-04-24T20:34:55-07:00,0,25
style.css,194,css,70182a4f,jueedeshmukh,2026-04-24,20:34:55,-07:00,2026-04-24T20:34:55-07:00,1,11
style.css,195,css,70182a4f,jueedeshmukh,2026-04-24,20:34:55,-07:00,2026-04-24T20:34:55-07:00,1,18
style.css,196,css,70182a4f,jueedeshmukh,2026-04-24,20:34:55,-07:00,2026-04-24T20:34:55-07:00,1,14
style.css,197,css,70182a4f,jueedeshmukh,2026-04-24,20:34:55,-07:00,2026-04-24T20:34:55-07:00,1,12
style.css,198,css,70182a4f,jueedeshmukh,2026-04-24,20:34:55,-07:00,2026-04-24T20:34:55-07:00,0,0
style.css,199,css,70182a4f,jueedeshmukh,2026-04-24,20:34:55,-07:00,2026-04-24T20:34:55-07:00,0,0
style.css,200,css,70182a4f,jueedeshmukh,2026-04-24,20:34:55,-07:00,2026-04-24T20:34:55-07:00,0,31
style.css,201,css,70182a4f,jueedeshmukh,2026-04-24,20:34:55,-07:00,2026-04-24T20:34:55-07:00,1,17
style.css,202,css,70182a4f,jueedeshmukh,2026-04-24,20:34:55,-07:00,2026-04-24T20:34:55-07:00,1,10
style.css,203,css,70182a4f,jueedeshmukh,2026-04-24,20:34:55,-07:00,2026-04-24T20:34:55-07:00,1,11
style.css,204,css,70182a4f,jueedeshmukh,2026-04-24,20:34:55,-07:00,2026-04-24T20:34:55-07:00,1,27
style.css,205,css,70182a4f,jueedeshmukh,2026-04-24,20:34:55,-07:00,2026-04-24T20:34:55-07:00,1,25
style.css,206,css,70182a4f,jueedeshmukh,2026-04-24,20:34:55,-07:00,2026-04-24T20:34:55-07:00,0,0
style.css,207,css,70182a4f,jueedeshmukh,2026-04-24,20:34:55,-07:00,2026-04-24T20:34:55-07:00,0,0
style.css,208,css,70182a4f,jueedeshmukh,2026-04-24,20:34:55,-07:00,2026-04-24T20:34:55-07:00,0,47
style.css,209,css,70182a4f,jueedeshmukh,2026-04-24,20:34:55,-07:00,2026-04-24T20:34:55-07:00,0,47
style.css,210,css,70182a4f,jueedeshmukh,2026-04-24,20:34:55,-07:00,2026-04-24T20:34:55-07:00,0,55
style.css,211,css,70182a4f,jueedeshmukh,2026-04-24,20:34:55,-07:00,2026-04-24T20:34:55-07:00,1,25
style.css,212,css,70182a4f,jueedeshmukh,2026-04-24,20:34:55,-07:00,2026-04-24T20:34:55-07:00,0,0
style.css,213,css,70182a4f,jueedeshmukh,2026-04-24,20:34:55,-07:00,2026-04-24T20:34:55-07:00,0,0
style.css,214,css,70182a4f,jueedeshmukh,2026-04-24,20:34:55,-07:00,2026-04-24T20:34:55-07:00,0,30
style.css,215,css,70182a4f,jueedeshmukh,2026-04-24,20:34:55,-07:00,2026-04-24T20:34:55-07:00,0,30
style.css,216,css,70182a4f,jueedeshmukh,2026-04-24,20:34:55,-07:00,2026-04-24T20:34:55-07:00,1,17
style.css,217,css,70182a4f,jueedeshmukh,2026-04-24,20:34:55,-07:00,2026-04-24T20:34:55-07:00,1,7
style.css,218,css,70182a4f,jueedeshmukh,2026-04-24,20:34:55,-07:00,2026-04-24T20:34:55-07:00,1,12
style.css,219,css,70182a4f,jueedeshmukh,2026-04-24,20:34:55,-07:00,2026-04-24T20:34:55-07:00,1,18
style.css,220,css,70182a4f,jueedeshmukh,2026-04-24,20:34:55,-07:00,2026-04-24T20:34:55-07:00,1,34
style.css,221,css,70182a4f,jueedeshmukh,2026-04-24,20:34:55,-07:00,2026-04-24T20:34:55-07:00,1,20
style.css,222,css,70182a4f,jueedeshmukh,2026-04-24,20:34:55,-07:00,2026-04-24T20:34:55-07:00,1,26
style.css,223,css,70182a4f,jueedeshmukh,2026-04-24,20:34:55,-07:00,2026-04-24T20:34:55-07:00,1,14
style.css,224,css,70182a4f,jueedeshmukh,2026-04-24,20:34:55,-07:00,2026-04-24T20:34:55-07:00,1,17
style.css,225,css,70182a4f,jueedeshmukh,2026-04-24,20:34:55,-07:00,2026-04-24T20:34:55-07:00,0,0
style.css,226,css,70182a4f,jueedeshmukh,2026-04-24,20:34:55,-07:00,2026-04-24T20:34:55-07:00,0,0
style.css,227,css,70182a4f,jueedeshmukh,2026-04-24,20:34:55,-07:00,2026-04-24T20:34:55-07:00,0,31
style.css,228,css,70182a4f,jueedeshmukh,2026-04-24,20:34:55,-07:00,2026-04-24T20:34:55-07:00,1,63
style.css,229,css,70182a4f,jueedeshmukh,2026-04-24,20:34:55,-07:00,2026-04-24T20:34:55-07:00,1,15
style.css,230,css,70182a4f,jueedeshmukh,2026-04-24,20:34:55,-07:00,2026-04-24T20:34:55-07:00,0,0
style.css,231,css,70182a4f,jueedeshmukh,2026-04-24,20:34:55,-07:00,2026-04-24T20:34:55-07:00,0,0
style.css,232,css,70182a4f,jueedeshmukh,2026-04-24,20:34:55,-07:00,2026-04-24T20:34:55-07:00,0,30
style.css,233,css,70182a4f,jueedeshmukh,2026-04-24,20:34:55,-07:00,2026-04-24T20:34:55-07:00,1,25
style.css,234,css,70182a4f,jueedeshmukh,2026-04-24,20:34:55,-07:00,2026-04-24T20:34:55-07:00,1,14
style.css,235,css,70182a4f,jueedeshmukh,2026-04-24,20:34:55,-07:00,2026-04-24T20:34:55-07:00,1,15
style.css,236,css,70182a4f,jueedeshmukh,2026-04-24,20:34:55,-07:00,2026-04-24T20:34:55-07:00,0,0
style.css,237,css,70182a4f,jueedeshmukh,2026-04-24,20:34:55,-07:00,2026-04-24T20:34:55-07:00,0,0
style.css,238,css,14e2c422,jueedeshmukh,2026-04-27,13:43:19,-07:00,2026-04-27T13:43:19-07:00,0,18
style.css,239,css,14e2c422,jueedeshmukh,2026-04-27,13:43:19,-07:00,2026-04-27T13:43:19-07:00,1,14
style.css,240,css,14e2c422,jueedeshmukh,2026-04-27,13:43:19,-07:00,2026-04-27T13:43:19-07:00,1,16
style.css,241,css,14e2c422,jueedeshmukh,2026-04-27,13:43:19,-07:00,2026-04-27T13:43:19-07:00,0,0
style.css,242,css,14e2c422,jueedeshmukh,2026-04-27,13:43:19,-07:00,2026-04-27T13:43:19-07:00,1,16
style.css,243,css,0a8928cd,jueedeshmukh,2026-05-01,14:34:24,-07:00,2026-05-01T14:34:24-07:00,0,0
style.css,244,css,0a8928cd,jueedeshmukh,2026-05-01,14:34:24,-07:00,2026-05-01T14:34:24-07:00,0,0
style.css,245,css,9c382bcd,jueedeshmukh,2026-05-01,19:20:59,-07:00,2026-05-01T19:20:59-07:00,0,10
style.css,246,css,9c382bcd,jueedeshmukh,2026-05-01,19:20:59,-07:00,2026-05-01T19:20:59-07:00,1,13
style.css,247,css,9c382bcd,jueedeshmukh,2026-05-01,19:20:59,-07:00,2026-05-01T19:20:59-07:00,1,22
style.css,248,css,9c382bcd,jueedeshmukh,2026-05-01,19:20:59,-07:00,2026-05-01T19:20:59-07:00,1,23
style.css,249,css,9c382bcd,jueedeshmukh,2026-05-01,19:20:59,-07:00,2026-05-01T19:20:59-07:00,1,22
style.css,250,css,9c382bcd,jueedeshmukh,2026-05-01,19:20:59,-07:00,2026-05-01T19:20:59-07:00,1,64
style.css,251,css,9c382bcd,jueedeshmukh,2026-05-01,19:20:59,-07:00,2026-05-01T19:20:59-07:00,1,20
style.css,252,css,9c382bcd,jueedeshmukh,2026-05-01,19:20:59,-07:00,2026-05-01T19:20:59-07:00,1,66
style.css,253,css,9c382bcd,jueedeshmukh,2026-05-01,19:20:59,-07:00,2026-05-01T19:20:59-07:00,1,77
style.css,254,css,9c382bcd,jueedeshmukh,2026-05-01,19:20:59,-07:00,2026-05-01T19:20:59-07:00,1,12
style.css,255,css,9c382bcd,jueedeshmukh,2026-05-01,19:20:59,-07:00,2026-05-01T19:20:59-07:00,1,14
style.css,256,css,9c382bcd,jueedeshmukh,2026-05-01,19:20:59,-07:00,2026-05-01T19:20:59-07:00,0,0
style.css,257,css,9c382bcd,jueedeshmukh,2026-05-01,19:20:59,-07:00,2026-05-01T19:20:59-07:00,0,0
style.css,258,css,9c382bcd,jueedeshmukh,2026-05-01,19:20:59,-07:00,2026-05-01T19:20:59-07:00,0,16
style.css,259,css,9c382bcd,jueedeshmukh,2026-05-01,19:20:59,-07:00,2026-05-01T19:20:59-07:00,1,12
style.css,260,css,9c382bcd,jueedeshmukh,2026-05-01,19:20:59,-07:00,2026-05-01T19:20:59-07:00,1,32
style.css,261,css,9c382bcd,jueedeshmukh,2026-05-01,19:20:59,-07:00,2026-05-01T19:20:59-07:00,1,80
style.css,262,css,9c382bcd,jueedeshmukh,2026-05-01,19:20:59,-07:00,2026-05-01T19:20:59-07:00,0,0
style.css,263,css,9c382bcd,jueedeshmukh,2026-05-01,19:20:59,-07:00,2026-05-01T19:20:59-07:00,0,0
style.css,264,css,0a8928cd,jueedeshmukh,2026-05-01,14:34:24,-07:00,2026-05-01T14:34:24-07:00,0,21
style.css,265,css,0a8928cd,jueedeshmukh,2026-05-01,14:34:24,-07:00,2026-05-01T14:34:24-07:00,1,12
style.css,266,css,0a8928cd,jueedeshmukh,2026-05-01,14:34:24,-07:00,2026-05-01T14:34:24-07:00,1,22
style.css,267,css,0a8928cd,jueedeshmukh,2026-05-01,14:34:24,-07:00,2026-05-01T14:34:24-07:00,1,8
style.css,268,css,0a8928cd,jueedeshmukh,2026-05-01,14:34:24,-07:00,2026-05-01T14:34:24-07:00,1,14
style.css,269,css,0a8928cd,jueedeshmukh,2026-05-01,14:34:24,-07:00,2026-05-01T14:34:24-07:00,1,17
style.css,270,css,0a8928cd,jueedeshmukh,2026-05-01,14:34:24,-07:00,2026-05-01T14:34:24-07:00,0,0
style.css,271,css,0a8928cd,jueedeshmukh,2026-05-01,14:34:24,-07:00,2026-05-01T14:34:24-07:00,0,0
style.css,272,css,0a8928cd,jueedeshmukh,2026-05-01,14:34:24,-07:00,2026-05-01T14:34:24-07:00,0,18
style.css,273,css,0a8928cd,jueedeshmukh,2026-05-01,14:34:24,-07:00,2026-05-01T14:34:24-07:00,1,14
style.css,274,css,0a8928cd,jueedeshmukh,2026-05-01,14:34:24,-07:00,2026-05-01T14:34:24-07:00,1,22
style.css,275,css,0a8928cd,jueedeshmukh,2026-05-01,14:34:24,-07:00,2026-05-01T14:34:24-07:00,0,0
style.css,276,css,0a8928cd,jueedeshmukh,2026-05-01,14:34:24,-07:00,2026-05-01T14:34:24-07:00,0,0
style.css,277,css,9c382bcd,jueedeshmukh,2026-05-01,19:20:59,-07:00,2026-05-01T19:20:59-07:00,0,23
style.css,278,css,9c382bcd,jueedeshmukh,2026-05-01,19:20:59,-07:00,2026-05-01T19:20:59-07:00,1,51
style.css,279,css,9c382bcd,jueedeshmukh,2026-05-01,19:20:59,-07:00,2026-05-01T19:20:59-07:00,1,14
style.css,280,css,9c382bcd,jueedeshmukh,2026-05-01,19:20:59,-07:00,2026-05-01T19:20:59-07:00,0,0
style.css,281,css,9c382bcd,jueedeshmukh,2026-05-01,19:20:59,-07:00,2026-05-01T19:20:59-07:00,0,0
style.css,282,css,9c382bcd,jueedeshmukh,2026-05-01,19:20:59,-07:00,2026-05-01T19:20:59-07:00,0,51
style.css,283,css,9c382bcd,jueedeshmukh,2026-05-01,19:20:59,-07:00,2026-05-01T19:20:59-07:00,1,11
style.css,284,css,9c382bcd,jueedeshmukh,2026-05-01,19:20:59,-07:00,2026-05-01T19:20:59-07:00,0,0
style.css,285,css,9c382bcd,jueedeshmukh,2026-05-01,19:20:59,-07:00,2026-05-01T19:20:59-07:00,0,0
style.css,286,css,9c382bcd,jueedeshmukh,2026-05-01,19:20:59,-07:00,2026-05-01T19:20:59-07:00,0,29
style.css,287,css,9c382bcd,jueedeshmukh,2026-05-01,19:20:59,-07:00,2026-05-01T19:20:59-07:00,1,21
style.css,288,css,9c382bcd,jueedeshmukh,2026-05-01,19:20:59,-07:00,2026-05-01T19:20:59-07:00,0,0
style.css,289,css,9c382bcd,jueedeshmukh,2026-05-01,19:20:59,-07:00,2026-05-01T19:20:59-07:00,0,0
style.css,290,css,9c382bcd,jueedeshmukh,2026-05-01,19:20:59,-07:00,2026-05-01T19:20:59-07:00,0,32
style.css,291,css,9c382bcd,jueedeshmukh,2026-05-01,19:20:59,-07:00,2026-05-01T19:20:59-07:00,1,24
style.css,292,css,9c382bcd,jueedeshmukh,2026-05-01,19:20:59,-07:00,2026-05-01T19:20:59-07:00,1,28
style.css,293,css,9c382bcd,jueedeshmukh,2026-05-01,19:20:59,-07:00,2026-05-01T19:20:59-07:00,0,0
style.css,294,css,9c382bcd,jueedeshmukh,2026-05-01,19:20:59,-07:00,2026-05-01T19:20:59-07:00,0,0
style.css,295,css,9c382bcd,jueedeshmukh,2026-05-01,19:20:59,-07:00,2026-05-01T19:20:59-07:00,0,19
style.css,296,css,9c382bcd,jueedeshmukh,2026-05-01,19:20:59,-07:00,2026-05-01T19:20:59-07:00,1,32
style.css,297,css,9c382bcd,jueedeshmukh,2026-05-01,19:20:59,-07:00,2026-05-01T19:20:59-07:00,1,63
style.css,298,css,9c382bcd,jueedeshmukh,2026-05-01,19:20:59,-07:00,2026-05-01T19:20:59-07:00,0,0
style.css,299,css,9c382bcd,jueedeshmukh,2026-05-01,19:20:59,-07:00,2026-05-01T19:20:59-07:00,0,0
style.css,300,css,0a8928cd,jueedeshmukh,2026-05-01,14:34:24,-07:00,2026-05-01T14:34:24-07:00,0,7
style.css,301,css,0a8928cd,jueedeshmukh,2026-05-01,14:34:24,-07:00,2026-05-01T14:34:24-07:00,1,6
style.css,302,css,0a8928cd,jueedeshmukh,2026-05-01,14:34:24,-07:00,2026-05-01T14:34:24-07:00,0,0
style.css,303,css,0a8928cd,jueedeshmukh,2026-05-01,14:34:24,-07:00,2026-05-01T14:34:24-07:00,0,0
style.css,304,css,0a8928cd,jueedeshmukh,2026-05-01,14:34:24,-07:00,2026-05-01T14:34:24-07:00,0,17
style.css,305,css,0a8928cd,jueedeshmukh,2026-05-01,14:34:24,-07:00,2026-05-01T14:34:24-07:00,0,0
style.css,306,css,0a8928cd,jueedeshmukh,2026-05-01,14:34:24,-07:00,2026-05-01T14:34:24-07:00,0,7
style.css,307,css,0a8928cd,jueedeshmukh,2026-05-01,14:34:24,-07:00,2026-05-01T14:34:24-07:00,1,15
style.css,308,css,0a8928cd,jueedeshmukh,2026-05-01,14:34:24,-07:00,2026-05-01T14:34:24-07:00,1,8
style.css,309,css,0a8928cd,jueedeshmukh,2026-05-01,14:34:24,-07:00,2026-05-01T14:34:24-07:00,1,9
style.css,310,css,0a8928cd,jueedeshmukh,2026-05-01,14:34:24,-07:00,2026-05-01T14:34:24-07:00,1,12
style.css,311,css,0a8928cd,jueedeshmukh,2026-05-01,14:34:24,-07:00,2026-05-01T14:34:24-07:00,1,11
style.css,312,css,0a8928cd,jueedeshmukh,2026-05-01,14:34:24,-07:00,2026-05-01T14:34:24-07:00,1,15
style.css,313,css,0a8928cd,jueedeshmukh,2026-05-01,14:34:24,-07:00,2026-05-01T14:34:24-07:00,0,0
style.css,314,css,0a8928cd,jueedeshmukh,2026-05-01,14:34:24,-07:00,2026-05-01T14:34:24-07:00,0,0
style.css,315,css,0a8928cd,jueedeshmukh,2026-05-01,14:34:24,-07:00,2026-05-01T14:34:24-07:00,0,10
style.css,316,css,0a8928cd,jueedeshmukh,2026-05-01,14:34:24,-07:00,2026-05-01T14:34:24-07:00,1,12
style.css,317,css,0a8928cd,jueedeshmukh,2026-05-01,14:34:24,-07:00,2026-05-01T14:34:24-07:00,1,18
style.css,318,css,0a8928cd,jueedeshmukh,2026-05-01,14:34:24,-07:00,2026-05-01T14:34:24-07:00,1,11
style.css,319,css,0a8928cd,jueedeshmukh,2026-05-01,14:34:24,-07:00,2026-05-01T14:34:24-07:00,1,20
style.css,320,css,0a8928cd,jueedeshmukh,2026-05-01,14:34:24,-07:00,2026-05-01T14:34:24-07:00,1,20
style.css,321,css,0a8928cd,jueedeshmukh,2026-05-01,14:34:24,-07:00,2026-05-01T14:34:24-07:00,1,64
style.css,322,css,0a8928cd,jueedeshmukh,2026-05-01,14:34:24,-07:00,2026-05-01T14:34:24-07:00,1,66
style.css,323,css,0a8928cd,jueedeshmukh,2026-05-01,14:34:24,-07:00,2026-05-01T14:34:24-07:00,1,74
style.css,324,css,0a8928cd,jueedeshmukh,2026-05-01,14:34:24,-07:00,2026-05-01T14:34:24-07:00,0,0
style.css,325,css,0a8928cd,jueedeshmukh,2026-05-01,14:34:24,-07:00,2026-05-01T14:34:24-07:00,0,0
style.css,326,css,0a8928cd,jueedeshmukh,2026-05-01,14:34:24,-07:00,2026-05-01T14:34:24-07:00,0,18
style.css,327,css,0a8928cd,jueedeshmukh,2026-05-01,14:34:24,-07:00,2026-05-01T14:34:24-07:00,1,10
style.css,328,css,0a8928cd,jueedeshmukh,2026-05-01,14:34:24,-07:00,2026-05-01T14:34:24-07:00,1,11
style.css,329,css,0a8928cd,jueedeshmukh,2026-05-01,14:34:24,-07:00,2026-05-01T14:34:24-07:00,1,21
style.css,330,css,0a8928cd,jueedeshmukh,2026-05-01,14:34:24,-07:00,2026-05-01T14:34:24-07:00,1,23
style.css,331,css,0a8928cd,jueedeshmukh,2026-05-01,14:34:24,-07:00,2026-05-01T14:34:24-07:00,1,79
style.css,332,css,0a8928cd,jueedeshmukh,2026-05-01,14:34:24,-07:00,2026-05-01T14:34:24-07:00,1,13
style.css,333,css,0a8928cd,jueedeshmukh,2026-05-01,14:34:24,-07:00,2026-05-01T14:34:24-07:00,0,0
style.css,334,css,0a8928cd,jueedeshmukh,2026-05-01,14:34:24,-07:00,2026-05-01T14:34:24-07:00,0,0
style.css,335,css,0a8928cd,jueedeshmukh,2026-05-01,14:34:24,-07:00,2026-05-01T14:34:24-07:00,0,13
style.css,336,css,0a8928cd,jueedeshmukh,2026-05-01,14:34:24,-07:00,2026-05-01T14:34:24-07:00,1,17
style.css,337,css,0a8928cd,jueedeshmukh,2026-05-01,14:34:24,-07:00,2026-05-01T14:34:24-07:00,1,53
style.css,338,css,0a8928cd,jueedeshmukh,2026-05-01,14:34:24,-07:00,2026-05-01T14:34:24-07:00,1,15
style.css,339,css,14e2c422,jueedeshmukh,2026-04-27,13:43:19,-07:00,2026-04-27T13:43:19-07:00,0,0
index.js,1,js,70182a4f,jueedeshmukh,2026-04-24,20:34:55,-07:00,2026-04-24T20:34:55-07:00,0,71
index.js,2,js,70182a4f,jueedeshmukh,2026-04-24,20:34:55,-07:00,2026-04-24T20:34:55-07:00,0,0
index.js,3,js,70182a4f,jueedeshmukh,2026-04-24,20:34:55,-07:00,2026-04-24T20:34:55-07:00,0,54
index.js,4,js,70182a4f,jueedeshmukh,2026-04-24,20:34:55,-07:00,2026-04-24T20:34:55-07:00,0,73
index.js,5,js,70182a4f,jueedeshmukh,2026-04-24,20:34:55,-07:00,2026-04-24T20:34:55-07:00,0,0
index.js,6,js,70182a4f,jueedeshmukh,2026-04-24,20:34:55,-07:00,2026-04-24T20:34:55-07:00,0,60
index.js,7,js,70182a4f,jueedeshmukh,2026-04-24,20:34:55,-07:00,2026-04-24T20:34:55-07:00,0,54
index.js,8,js,70182a4f,jueedeshmukh,2026-04-24,20:34:55,-07:00,2026-04-24T20:34:55-07:00,0,0
index.js,9,js,70182a4f,jueedeshmukh,2026-04-24,20:34:55,-07:00,2026-04-24T20:34:55-07:00,0,55
index.js,10,js,70182a4f,jueedeshmukh,2026-04-24,20:34:55,-07:00,2026-04-24T20:34:55-07:00,0,60
index.js,11,js,70182a4f,jueedeshmukh,2026-04-24,20:34:55,-07:00,2026-04-24T20:34:55-07:00,0,0
index.js,12,js,70182a4f,jueedeshmukh,2026-04-24,20:34:55,-07:00,2026-04-24T20:34:55-07:00,0,31
index.js,13,js,70182a4f,jueedeshmukh,2026-04-24,20:34:55,-07:00,2026-04-24T20:34:55-07:00,1,24
index.js,14,js,70182a4f,jueedeshmukh,2026-04-24,20:34:55,-07:00,2026-04-24T20:34:55-07:00,4,23
index.js,15,js,70182a4f,jueedeshmukh,2026-04-24,20:34:55,-07:00,2026-04-24T20:34:55-07:00,5,34
index.js,16,js,70182a4f,jueedeshmukh,2026-04-24,20:34:55,-07:00,2026-04-24T20:34:55-07:00,6,27
index.js,17,js,70182a4f,jueedeshmukh,2026-04-24,20:34:55,-07:00,2026-04-24T20:34:55-07:00,7,45
index.js,18,js,70182a4f,jueedeshmukh,2026-04-24,20:34:55,-07:00,2026-04-24T20:34:55-07:00,7,58
index.js,19,js,70182a4f,jueedeshmukh,2026-04-24,20:34:55,-07:00,2026-04-24T20:34:55-07:00,6,4
index.js,20,js,70182a4f,jueedeshmukh,2026-04-24,20:34:55,-07:00,2026-04-24T20:34:55-07:00,5,4
index.js,21,js,70182a4f,jueedeshmukh,2026-04-24,20:34:55,-07:00,2026-04-24T20:34:55-07:00,5,34
index.js,22,js,70182a4f,jueedeshmukh,2026-04-24,20:34:55,-07:00,2026-04-24T20:34:55-07:00,6,27
index.js,23,js,70182a4f,jueedeshmukh,2026-04-24,20:34:55,-07:00,2026-04-24T20:34:55-07:00,7,45
index.js,24,js,70182a4f,jueedeshmukh,2026-04-24,20:34:55,-07:00,2026-04-24T20:34:55-07:00,7,58
index.js,25,js,70182a4f,jueedeshmukh,2026-04-24,20:34:55,-07:00,2026-04-24T20:34:55-07:00,6,4
index.js,26,js,70182a4f,jueedeshmukh,2026-04-24,20:34:55,-07:00,2026-04-24T20:34:55-07:00,5,4
index.js,27,js,70182a4f,jueedeshmukh,2026-04-24,20:34:55,-07:00,2026-04-24T20:34:55-07:00,5,34
index.js,28,js,70182a4f,jueedeshmukh,2026-04-24,20:34:55,-07:00,2026-04-24T20:34:55-07:00,6,27
index.js,29,js,70182a4f,jueedeshmukh,2026-04-24,20:34:55,-07:00,2026-04-24T20:34:55-07:00,7,42
index.js,30,js,70182a4f,jueedeshmukh,2026-04-24,20:34:55,-07:00,2026-04-24T20:34:55-07:00,7,55
index.js,31,js,70182a4f,jueedeshmukh,2026-04-24,20:34:55,-07:00,2026-04-24T20:34:55-07:00,6,4
index.js,32,js,70182a4f,jueedeshmukh,2026-04-24,20:34:55,-07:00,2026-04-24T20:34:55-07:00,5,4
index.js,33,js,70182a4f,jueedeshmukh,2026-04-24,20:34:55,-07:00,2026-04-24T20:34:55-07:00,5,34
index.js,34,js,70182a4f,jueedeshmukh,2026-04-24,20:34:55,-07:00,2026-04-24T20:34:55-07:00,6,27
index.js,35,js,70182a4f,jueedeshmukh,2026-04-24,20:34:55,-07:00,2026-04-24T20:34:55-07:00,7,42
index.js,36,js,70182a4f,jueedeshmukh,2026-04-24,20:34:55,-07:00,2026-04-24T20:34:55-07:00,7,55
index.js,37,js,70182a4f,jueedeshmukh,2026-04-24,20:34:55,-07:00,2026-04-24T20:34:55-07:00,6,4
index.js,38,js,70182a4f,jueedeshmukh,2026-04-24,20:34:55,-07:00,2026-04-24T20:34:55-07:00,5,4
index.js,39,js,70182a4f,jueedeshmukh,2026-04-24,20:34:55,-07:00,2026-04-24T20:34:55-07:00,4,4
index.js,40,js,70182a4f,jueedeshmukh,2026-04-24,20:34:55,-07:00,2026-04-24T20:34:55-07:00,2,0
index.js,41,js,70182a4f,jueedeshmukh,2026-04-24,20:34:55,-07:00,2026-04-24T20:34:55-07:00,0,0
index.html,1,html,afcbdcc5,jueedeshmukh,2026-04-03,11:02:10,-07:00,2026-04-03T11:02:10-07:00,0,13
index.html,2,html,afcbdcc5,jueedeshmukh,2026-04-03,11:02:10,-07:00,2026-04-03T11:02:10-07:00,0,14
index.html,3,html,afcbdcc5,jueedeshmukh,2026-04-03,11:02:10,-07:00,2026-04-03T11:02:10-07:00,0,4
index.html,4,html,afcbdcc5,jueedeshmukh,2026-04-03,11:02:10,-07:00,2026-04-03T11:02:10-07:00,2,20
index.html,5,html,afcbdcc5,jueedeshmukh,2026-04-03,11:02:10,-07:00,2026-04-03T11:02:10-07:00,2,68
index.html,6,html,afcbdcc5,jueedeshmukh,2026-04-03,11:02:10,-07:00,2026-04-03T11:02:10-07:00,2,55
index.html,7,html,07ecf9c3,jueedeshmukh,2026-04-03,11:35:20,-07:00,2026-04-03T11:35:20-07:00,2,38
index.html,8,html,afcbdcc5,jueedeshmukh,2026-04-03,11:02:10,-07:00,2026-04-03T11:02:10-07:00,0,5
index.html,9,html,afcbdcc5,jueedeshmukh,2026-04-03,11:02:10,-07:00,2026-04-03T11:02:10-07:00,0,4
index.html,10,html,afcbdcc5,jueedeshmukh,2026-04-03,11:02:10,-07:00,2026-04-03T11:02:10-07:00,2,20
index.html,11,html,afcbdcc5,jueedeshmukh,2026-04-03,11:02:10,-07:00,2026-04-03T11:02:10-07:00,2,107
index.html,12,html,07ecf9c3,jueedeshmukh,2026-04-03,11:35:20,-07:00,2026-04-03T11:35:20-07:00,2,113
index.html,13,html,70182a4f,jueedeshmukh,2026-04-24,20:34:55,-07:00,2026-04-24T20:34:55-07:00,2,22
index.html,14,html,70182a4f,jueedeshmukh,2026-04-24,20:34:55,-07:00,2026-04-24T20:34:55-07:00,2,20
index.html,15,html,70182a4f,jueedeshmukh,2026-04-24,20:34:55,-07:00,2026-04-24T20:34:55-07:00,3,49
index.html,16,html,70182a4f,jueedeshmukh,2026-04-24,20:34:55,-07:00,2026-04-24T20:34:55-07:00,2,4
index.html,17,html,70182a4f,jueedeshmukh,2026-04-24,20:34:55,-07:00,2026-04-24T20:34:55-07:00,2,27
index.html,18,html,70182a4f,jueedeshmukh,2026-04-24,20:34:55,-07:00,2026-04-24T20:34:55-07:00,2,28
index.html,19,html,70182a4f,jueedeshmukh,2026-04-24,20:34:55,-07:00,2026-04-24T20:34:55-07:00,2,50
index.html,20,html,afcbdcc5,jueedeshmukh,2026-04-03,11:02:10,-07:00,2026-04-03T11:02:10-07:00,0,5
index.html,21,html,afcbdcc5,jueedeshmukh,2026-04-03,11:02:10,-07:00,2026-04-03T11:02:10-07:00,0,5
global.js,1,js,720f97ba,jueedeshmukh,2026-04-16,14:01:44,-07:00,2026-04-16T14:01:44-07:00,0,25
global.js,2,js,720f97ba,jueedeshmukh,2026-04-16,14:01:44,-07:00,2026-04-16T14:01:44-07:00,0,0
global.js,3,js,720f97ba,jueedeshmukh,2026-04-16,14:01:44,-07:00,2026-04-16T14:01:44-07:00,0,41
global.js,4,js,720f97ba,jueedeshmukh,2026-04-16,14:01:44,-07:00,2026-04-16T14:01:44-07:00,1,52
global.js,5,js,720f97ba,jueedeshmukh,2026-04-16,14:01:44,-07:00,2026-04-16T14:01:44-07:00,0,0
global.js,6,js,720f97ba,jueedeshmukh,2026-04-16,14:01:44,-07:00,2026-04-16T14:01:44-07:00,0,0
global.js,7,js,720f97ba,jueedeshmukh,2026-04-16,14:01:44,-07:00,2026-04-16T14:01:44-07:00,0,11
global.js,8,js,720f97ba,jueedeshmukh,2026-04-16,14:01:44,-07:00,2026-04-16T14:01:44-07:00,1,35
global.js,9,js,720f97ba,jueedeshmukh,2026-04-16,14:01:44,-07:00,2026-04-16T14:01:44-07:00,1,48
global.js,10,js,720f97ba,jueedeshmukh,2026-04-16,14:01:44,-07:00,2026-04-16T14:01:44-07:00,1,44
global.js,11,js,720f97ba,jueedeshmukh,2026-04-16,14:01:44,-07:00,2026-04-16T14:01:44-07:00,1,46
global.js,12,js,720f97ba,jueedeshmukh,2026-04-16,14:01:44,-07:00,2026-04-16T14:01:44-07:00,1,58
global.js,13,js,720f97ba,jueedeshmukh,2026-04-16,14:01:44,-07:00,2026-04-16T14:01:44-07:00,0,0
global.js,14,js,720f97ba,jueedeshmukh,2026-04-16,14:01:44,-07:00,2026-04-16T14:01:44-07:00,0,0
global.js,15,js,51d23a76,jueedeshmukh,2026-04-24,19:57:01,-07:00,2026-04-24T19:57:01-07:00,0,71
global.js,16,js,51d23a76,jueedeshmukh,2026-04-24,19:57:01,-07:00,2026-04-24T19:57:01-07:00,0,83
global.js,17,js,51d23a76,jueedeshmukh,2026-04-24,19:57:01,-07:00,2026-04-24T19:57:01-07:00,0,22
global.js,18,js,51d23a76,jueedeshmukh,2026-04-24,19:57:01,-07:00,2026-04-24T19:57:01-07:00,1,56
global.js,19,js,51d23a76,jueedeshmukh,2026-04-24,19:57:01,-07:00,2026-04-24T19:57:01-07:00,2,28
global.js,20,js,51d23a76,jueedeshmukh,2026-04-24,19:57:01,-07:00,2026-04-24T19:57:01-07:00,2,12
global.js,21,js,51d23a76,jueedeshmukh,2026-04-24,19:57:01,-07:00,2026-04-24T19:57:01-07:00,0,0
global.js,22,js,720f97ba,jueedeshmukh,2026-04-16,14:01:44,-07:00,2026-04-16T14:01:44-07:00,0,37
global.js,23,js,720f97ba,jueedeshmukh,2026-04-16,14:01:44,-07:00,2026-04-16T14:01:44-07:00,0,0
global.js,24,js,720f97ba,jueedeshmukh,2026-04-16,14:01:44,-07:00,2026-04-16T14:01:44-07:00,0,38
global.js,25,js,720f97ba,jueedeshmukh,2026-04-16,14:01:44,-07:00,2026-04-16T14:01:44-07:00,0,25
global.js,26,js,720f97ba,jueedeshmukh,2026-04-16,14:01:44,-07:00,2026-04-16T14:01:44-07:00,0,0
global.js,27,js,720f97ba,jueedeshmukh,2026-04-16,14:01:44,-07:00,2026-04-16T14:01:44-07:00,0,31
global.js,28,js,720f97ba,jueedeshmukh,2026-04-16,14:01:44,-07:00,2026-04-16T14:01:44-07:00,1,11
global.js,29,js,720f97ba,jueedeshmukh,2026-04-16,14:01:44,-07:00,2026-04-16T14:01:44-07:00,1,0
global.js,30,js,720f97ba,jueedeshmukh,2026-04-16,14:01:44,-07:00,2026-04-16T14:01:44-07:00,1,26
global.js,31,js,720f97ba,jueedeshmukh,2026-04-16,14:01:44,-07:00,2026-04-16T14:01:44-07:00,2,4
global.js,32,js,720f97ba,jueedeshmukh,2026-04-16,14:01:44,-07:00,2026-04-16T14:01:44-07:00,2,6
global.js,33,js,720f97ba,jueedeshmukh,2026-04-16,14:01:44,-07:00,2026-04-16T14:01:44-07:00,3,43
global.js,34,js,720f97ba,jueedeshmukh,2026-04-16,14:01:44,-07:00,2026-04-16T14:01:44-07:00,3,34
global.js,35,js,720f97ba,jueedeshmukh,2026-04-16,14:01:44,-07:00,2026-04-16T14:01:44-07:00,3,32
global.js,36,js,720f97ba,jueedeshmukh,2026-04-16,14:01:44,-07:00,2026-04-16T14:01:44-07:00,2,7
global.js,37,js,720f97ba,jueedeshmukh,2026-04-16,14:01:44,-07:00,2026-04-16T14:01:44-07:00,1,6
global.js,38,js,720f97ba,jueedeshmukh,2026-04-16,14:01:44,-07:00,2026-04-16T14:01:44-07:00,0,0
global.js,39,js,720f97ba,jueedeshmukh,2026-04-16,14:01:44,-07:00,2026-04-16T14:01:44-07:00,0,0
global.js,40,js,720f97ba,jueedeshmukh,2026-04-16,14:01:44,-07:00,2026-04-16T14:01:44-07:00,0,0
global.js,41,js,e169953c,jueedeshmukh,2026-04-16,14:08:47,-07:00,2026-04-16T14:08:47-07:00,0,58
global.js,42,js,e169953c,jueedeshmukh,2026-04-16,14:08:47,-07:00,2026-04-16T14:08:47-07:00,0,0
global.js,43,js,e169953c,jueedeshmukh,2026-04-16,14:08:47,-07:00,2026-04-16T14:08:47-07:00,0,34
global.js,44,js,e169953c,jueedeshmukh,2026-04-16,14:08:47,-07:00,2026-04-16T14:08:47-07:00,1,46
global.js,45,js,e169953c,jueedeshmukh,2026-04-16,14:08:47,-07:00,2026-04-16T14:08:47-07:00,1,75
global.js,46,js,e169953c,jueedeshmukh,2026-04-16,14:08:47,-07:00,2026-04-16T14:08:47-07:00,1,30
global.js,47,js,e169953c,jueedeshmukh,2026-04-16,14:08:47,-07:00,2026-04-16T14:08:47-07:00,0,0
global.js,48,js,e169953c,jueedeshmukh,2026-04-16,14:08:47,-07:00,2026-04-16T14:08:47-07:00,0,0
global.js,49,js,e169953c,jueedeshmukh,2026-04-16,14:08:47,-07:00,2026-04-16T14:08:47-07:00,0,49
global.js,50,js,e169953c,jueedeshmukh,2026-04-16,14:08:47,-07:00,2026-04-16T14:08:47-07:00,1,57
global.js,51,js,e169953c,jueedeshmukh,2026-04-16,14:08:47,-07:00,2026-04-16T14:08:47-07:00,1,77
global.js,52,js,e169953c,jueedeshmukh,2026-04-16,14:08:47,-07:00,2026-04-16T14:08:47-07:00,1,44
global.js,53,js,e169953c,jueedeshmukh,2026-04-16,14:08:47,-07:00,2026-04-16T14:08:47-07:00,0,1
global.js,54,js,e169953c,jueedeshmukh,2026-04-16,14:08:47,-07:00,2026-04-16T14:08:47-07:00,0,0
global.js,55,js,720f97ba,jueedeshmukh,2026-04-16,14:01:44,-07:00,2026-04-16T14:01:44-07:00,0,20
global.js,56,js,720f97ba,jueedeshmukh,2026-04-16,14:01:44,-07:00,2026-04-16T14:01:44-07:00,1,14
global.js,57,js,720f97ba,jueedeshmukh,2026-04-16,14:01:44,-07:00,2026-04-16T14:01:44-07:00,1,18
global.js,58,js,720f97ba,jueedeshmukh,2026-04-16,14:01:44,-07:00,2026-04-16T14:01:44-07:00,1,38
global.js,59,js,720f97ba,jueedeshmukh,2026-04-16,14:01:44,-07:00,2026-04-16T14:01:44-07:00,0,0
global.js,60,js,720f97ba,jueedeshmukh,2026-04-16,14:01:44,-07:00,2026-04-16T14:01:44-07:00,1,52
global.js,61,js,720f97ba,jueedeshmukh,2026-04-16,14:01:44,-07:00,2026-04-16T14:01:44-07:00,0,0
global.js,62,js,720f97ba,jueedeshmukh,2026-04-16,14:01:44,-07:00,2026-04-16T14:01:44-07:00,1,34
global.js,63,js,720f97ba,jueedeshmukh,2026-04-16,14:01:44,-07:00,2026-04-16T14:01:44-07:00,1,11
global.js,64,js,720f97ba,jueedeshmukh,2026-04-16,14:01:44,-07:00,2026-04-16T14:01:44-07:00,1,20
global.js,65,js,720f97ba,jueedeshmukh,2026-04-16,14:01:44,-07:00,2026-04-16T14:01:44-07:00,0,0
global.js,66,js,720f97ba,jueedeshmukh,2026-04-16,14:01:44,-07:00,2026-04-16T14:01:44-07:00,1,17
global.js,67,js,720f97ba,jueedeshmukh,2026-04-16,14:01:44,-07:00,2026-04-16T14:01:44-07:00,2,8
global.js,68,js,720f97ba,jueedeshmukh,2026-04-16,14:01:44,-07:00,2026-04-16T14:01:44-07:00,2,59
global.js,69,js,720f97ba,jueedeshmukh,2026-04-16,14:01:44,-07:00,2026-04-16T14:01:44-07:00,1,0
global.js,70,js,720f97ba,jueedeshmukh,2026-04-16,14:01:44,-07:00,2026-04-16T14:01:44-07:00,0,0
global.js,71,js,720f97ba,jueedeshmukh,2026-04-16,14:01:44,-07:00,2026-04-16T14:01:44-07:00,1,44
global.js,72,js,720f97ba,jueedeshmukh,2026-04-16,14:01:44,-07:00,2026-04-16T14:01:44-07:00,1,19
global.js,73,js,720f97ba,jueedeshmukh,2026-04-16,14:01:44,-07:00,2026-04-16T14:01:44-07:00,2,18
global.js,74,js,720f97ba,jueedeshmukh,2026-04-16,14:01:44,-07:00,2026-04-16T14:01:44-07:00,2,28
global.js,75,js,720f97ba,jueedeshmukh,2026-04-16,14:01:44,-07:00,2026-04-16T14:01:44-07:00,1,0
global.js,76,js,720f97ba,jueedeshmukh,2026-04-16,14:01:44,-07:00,2026-04-16T14:01:44-07:00,0,0
global.js,77,js,720f97ba,jueedeshmukh,2026-04-16,14:01:44,-07:00,2026-04-16T14:01:44-07:00,1,12
global.js,78,js,2e786fbe,jueedeshmukh,2026-04-24,18:37:31,-07:00,2026-04-24T18:37:31-07:00,0,0
global.js,79,js,2e786fbe,jueedeshmukh,2026-04-24,18:37:31,-07:00,2026-04-24T18:37:31-07:00,0,0
global.js,80,js,2e786fbe,jueedeshmukh,2026-04-24,18:37:31,-07:00,2026-04-24T18:37:31-07:00,0,36
global.js,81,js,2e786fbe,jueedeshmukh,2026-04-24,18:37:31,-07:00,2026-04-24T18:37:31-07:00,1,3
global.js,82,js,2e786fbe,jueedeshmukh,2026-04-24,18:37:31,-07:00,2026-04-24T18:37:31-07:00,2,39
global.js,83,js,2e786fbe,jueedeshmukh,2026-04-24,18:37:31,-07:00,2026-04-24T18:37:31-07:00,2,32
global.js,84,js,46fc60db,jueedeshmukh,2026-04-24,19:02:28,-07:00,2026-04-24T19:02:28-07:00,2,17
global.js,85,js,46fc60db,jueedeshmukh,2026-04-24,19:02:28,-07:00,2026-04-24T19:02:28-07:00,3,66
global.js,86,js,46fc60db,jueedeshmukh,2026-04-24,19:02:28,-07:00,2026-04-24T19:02:28-07:00,2,0
global.js,87,js,46fc60db,jueedeshmukh,2026-04-24,19:02:28,-07:00,2026-04-24T19:02:28-07:00,2,33
global.js,88,js,46fc60db,jueedeshmukh,2026-04-24,19:02:28,-07:00,2026-04-24T19:02:28-07:00,2,10
global.js,89,js,46fc60db,jueedeshmukh,2026-04-24,19:02:28,-07:00,2026-04-24T19:02:28-07:00,0,0
global.js,90,js,2e786fbe,jueedeshmukh,2026-04-24,18:37:31,-07:00,2026-04-24T18:37:31-07:00,1,15
global.js,91,js,2e786fbe,jueedeshmukh,2026-04-24,18:37:31,-07:00,2026-04-24T18:37:31-07:00,2,59
global.js,92,js,2e786fbe,jueedeshmukh,2026-04-24,18:37:31,-07:00,2026-04-24T18:37:31-07:00,1,0
global.js,93,js,2e786fbe,jueedeshmukh,2026-04-24,18:37:31,-07:00,2026-04-24T18:37:31-07:00,0,0
global.js,94,js,46fc60db,jueedeshmukh,2026-04-24,19:02:28,-07:00,2026-04-24T19:02:28-07:00,0,0
global.js,95,js,70182a4f,jueedeshmukh,2026-04-24,20:34:55,-07:00,2026-04-24T20:34:55-07:00,0,47
global.js,96,js,70182a4f,jueedeshmukh,2026-04-24,20:34:55,-07:00,2026-04-24T20:34:55-07:00,1,59
global.js,97,js,70182a4f,jueedeshmukh,2026-04-24,20:34:55,-07:00,2026-04-24T20:34:55-07:00,0,0
global.js,98,js,70182a4f,jueedeshmukh,2026-04-24,20:34:55,-07:00,2026-04-24T20:34:55-07:00,0,0
global.js,99,js,46fc60db,jueedeshmukh,2026-04-24,19:02:28,-07:00,2026-04-24T19:02:28-07:00,0,78
global.js,100,js,46fc60db,jueedeshmukh,2026-04-24,19:02:28,-07:00,2026-04-24T19:02:28-07:00,1,47
global.js,101,js,46fc60db,jueedeshmukh,2026-04-24,19:02:28,-07:00,2026-04-24T19:02:28-07:00,2,26
global.js,102,js,46fc60db,jueedeshmukh,2026-04-24,19:02:28,-07:00,2026-04-24T19:02:28-07:00,2,5
global.js,103,js,46fc60db,jueedeshmukh,2026-04-24,19:02:28,-07:00,2026-04-24T19:02:28-07:00,0,0
global.js,104,js,51d23a76,jueedeshmukh,2026-04-24,19:57:01,-07:00,2026-04-24T19:57:01-07:00,1,49
global.js,105,js,51d23a76,jueedeshmukh,2026-04-24,19:57:01,-07:00,2026-04-24T19:57:01-07:00,1,40
global.js,106,js,51d23a76,jueedeshmukh,2026-04-24,19:57:01,-07:00,2026-04-24T19:57:01-07:00,0,0
global.js,107,js,46fc60db,jueedeshmukh,2026-04-24,19:02:28,-07:00,2026-04-24T19:02:28-07:00,1,30
global.js,108,js,46fc60db,jueedeshmukh,2026-04-24,19:02:28,-07:00,2026-04-24T19:02:28-07:00,1,27
global.js,109,js,46fc60db,jueedeshmukh,2026-04-24,19:02:28,-07:00,2026-04-24T19:02:28-07:00,2,48
global.js,110,js,f3d8ad2d,jueedeshmukh,2026-04-27,13:37:01,-07:00,2026-04-27T13:37:01-07:00,2,50
global.js,111,js,46fc60db,jueedeshmukh,2026-04-24,19:02:28,-07:00,2026-04-24T19:02:28-07:00,2,19
global.js,112,js,46fc60db,jueedeshmukh,2026-04-24,19:02:28,-07:00,2026-04-24T19:02:28-07:00,2,42
global.js,113,js,46fc60db,jueedeshmukh,2026-04-24,19:02:28,-07:00,2026-04-24T19:02:28-07:00,2,43
global.js,114,js,f3d8ad2d,jueedeshmukh,2026-04-27,13:37:01,-07:00,2026-04-27T13:37:01-07:00,2,24
global.js,115,js,f3d8ad2d,jueedeshmukh,2026-04-27,13:37:01,-07:00,2026-04-27T13:37:01-07:00,3,24
global.js,116,js,f3d8ad2d,jueedeshmukh,2026-04-27,13:37:01,-07:00,2026-04-27T13:37:01-07:00,3,40
global.js,117,js,f3d8ad2d,jueedeshmukh,2026-04-27,13:37:01,-07:00,2026-04-27T13:37:01-07:00,2,4
global.js,118,js,46fc60db,jueedeshmukh,2026-04-24,19:02:28,-07:00,2026-04-24T19:02:28-07:00,0,0
global.js,119,js,46fc60db,jueedeshmukh,2026-04-24,19:02:28,-07:00,2026-04-24T19:02:28-07:00,2,36
global.js,120,js,46fc60db,jueedeshmukh,2026-04-24,19:02:28,-07:00,2026-04-24T19:02:28-07:00,1,0
global.js,121,js,46fc60db,jueedeshmukh,2026-04-24,19:02:28,-07:00,2026-04-24T19:02:28-07:00,0,0
resume\index.html,1,html,16059026,jueedeshmukh,2026-04-03,11:50:27,-07:00,2026-04-03T11:50:27-07:00,0,13
resume\index.html,2,html,16059026,jueedeshmukh,2026-04-03,11:50:27,-07:00,2026-04-03T11:50:27-07:00,0,14
resume\index.html,3,html,16059026,jueedeshmukh,2026-04-03,11:50:27,-07:00,2026-04-03T11:50:27-07:00,0,4
resume\index.html,4,html,16059026,jueedeshmukh,2026-04-03,11:50:27,-07:00,2026-04-03T11:50:27-07:00,2,20
resume\index.html,5,html,16059026,jueedeshmukh,2026-04-03,11:50:27,-07:00,2026-04-03T11:50:27-07:00,2,68
resume\index.html,6,html,16059026,jueedeshmukh,2026-04-03,11:50:27,-07:00,2026-04-03T11:50:27-07:00,2,26
resume\index.html,7,html,1f20ce27,jueedeshmukh,2026-04-10,10:18:40,-07:00,2026-04-10T10:18:40-07:00,2,41
resume\index.html,8,html,16059026,jueedeshmukh,2026-04-03,11:50:27,-07:00,2026-04-03T11:50:27-07:00,0,5
resume\index.html,9,html,16059026,jueedeshmukh,2026-04-03,11:50:27,-07:00,2026-04-03T11:50:27-07:00,0,4
resume\index.html,10,html,16059026,jueedeshmukh,2026-04-03,11:50:27,-07:00,2026-04-03T11:50:27-07:00,2,20
resume\index.html,11,html,16059026,jueedeshmukh,2026-04-03,11:50:27,-07:00,2026-04-03T11:50:27-07:00,2,0
resume\index.html,12,html,16059026,jueedeshmukh,2026-04-03,11:50:27,-07:00,2026-04-03T11:50:27-07:00,2,22
resume\index.html,13,html,16059026,jueedeshmukh,2026-04-03,11:50:27,-07:00,2026-04-03T11:50:27-07:00,4,16
resume\index.html,14,html,16059026,jueedeshmukh,2026-04-03,11:50:27,-07:00,2026-04-03T11:50:27-07:00,4,21
resume\index.html,15,html,16059026,jueedeshmukh,2026-04-03,11:50:27,-07:00,2026-04-03T11:50:27-07:00,4,41
resume\index.html,16,html,16059026,jueedeshmukh,2026-04-03,11:50:27,-07:00,2026-04-03T11:50:27-07:00,4,13
resume\index.html,17,html,16059026,jueedeshmukh,2026-04-03,11:50:27,-07:00,2026-04-03T11:50:27-07:00,2,8
resume\index.html,18,html,16059026,jueedeshmukh,2026-04-03,11:50:27,-07:00,2026-04-03T11:50:27-07:00,2,0
resume\index.html,19,html,16059026,jueedeshmukh,2026-04-03,11:50:27,-07:00,2026-04-03T11:50:27-07:00,2,23
resume\index.html,20,html,16059026,jueedeshmukh,2026-04-03,11:50:27,-07:00,2026-04-03T11:50:27-07:00,4,17
resume\index.html,21,html,16059026,jueedeshmukh,2026-04-03,11:50:27,-07:00,2026-04-03T11:50:27-07:00,4,0
resume\index.html,22,html,16059026,jueedeshmukh,2026-04-03,11:50:27,-07:00,2026-04-03T11:50:27-07:00,4,7
resume\index.html,23,html,16059026,jueedeshmukh,2026-04-03,11:50:27,-07:00,2026-04-03T11:50:27-07:00,6,6
resume\index.html,24,html,16059026,jueedeshmukh,2026-04-03,11:50:27,-07:00,2026-04-03T11:50:27-07:00,8,34
resume\index.html,25,html,16059026,jueedeshmukh,2026-04-03,11:50:27,-07:00,2026-04-03T11:50:27-07:00,8,40
resume\index.html,26,html,16059026,jueedeshmukh,2026-04-03,11:50:27,-07:00,2026-04-03T11:50:27-07:00,6,7
resume\index.html,27,html,16059026,jueedeshmukh,2026-04-03,11:50:27,-07:00,2026-04-03T11:50:27-07:00,6,2
resume\index.html,28,html,16059026,jueedeshmukh,2026-04-03,11:50:27,-07:00,2026-04-03T11:50:27-07:00,8,192
resume\index.html,29,html,16059026,jueedeshmukh,2026-04-03,11:50:27,-07:00,2026-04-03T11:50:27-07:00,8,189
resume\index.html,30,html,16059026,jueedeshmukh,2026-04-03,11:50:27,-07:00,2026-04-03T11:50:27-07:00,8,179
resume\index.html,31,html,16059026,jueedeshmukh,2026-04-03,11:50:27,-07:00,2026-04-03T11:50:27-07:00,8,168
resume\index.html,32,html,16059026,jueedeshmukh,2026-04-03,11:50:27,-07:00,2026-04-03T11:50:27-07:00,8,170
resume\index.html,33,html,16059026,jueedeshmukh,2026-04-03,11:50:27,-07:00,2026-04-03T11:50:27-07:00,6,3
resume\index.html,34,html,16059026,jueedeshmukh,2026-04-03,11:50:27,-07:00,2026-04-03T11:50:27-07:00,4,8
resume\index.html,35,html,16059026,jueedeshmukh,2026-04-03,11:50:27,-07:00,2026-04-03T11:50:27-07:00,4,0
resume\index.html,36,html,16059026,jueedeshmukh,2026-04-03,11:50:27,-07:00,2026-04-03T11:50:27-07:00,4,7
resume\index.html,37,html,16059026,jueedeshmukh,2026-04-03,11:50:27,-07:00,2026-04-03T11:50:27-07:00,6,6
resume\index.html,38,html,16059026,jueedeshmukh,2026-04-03,11:50:27,-07:00,2026-04-03T11:50:27-07:00,8,44
resume\index.html,39,html,16059026,jueedeshmukh,2026-04-03,11:50:27,-07:00,2026-04-03T11:50:27-07:00,8,40
resume\index.html,40,html,16059026,jueedeshmukh,2026-04-03,11:50:27,-07:00,2026-04-03T11:50:27-07:00,6,7
resume\index.html,41,html,16059026,jueedeshmukh,2026-04-03,11:50:27,-07:00,2026-04-03T11:50:27-07:00,6,2
resume\index.html,42,html,16059026,jueedeshmukh,2026-04-03,11:50:27,-07:00,2026-04-03T11:50:27-07:00,8,217
resume\index.html,43,html,16059026,jueedeshmukh,2026-04-03,11:50:27,-07:00,2026-04-03T11:50:27-07:00,8,199
resume\index.html,44,html,16059026,jueedeshmukh,2026-04-03,11:50:27,-07:00,2026-04-03T11:50:27-07:00,8,183
resume\index.html,45,html,16059026,jueedeshmukh,2026-04-03,11:50:27,-07:00,2026-04-03T11:50:27-07:00,8,193
resume\index.html,46,html,16059026,jueedeshmukh,2026-04-03,11:50:27,-07:00,2026-04-03T11:50:27-07:00,6,3
resume\index.html,47,html,16059026,jueedeshmukh,2026-04-03,11:50:27,-07:00,2026-04-03T11:50:27-07:00,4,8
resume\index.html,48,html,16059026,jueedeshmukh,2026-04-03,11:50:27,-07:00,2026-04-03T11:50:27-07:00,4,0
resume\index.html,49,html,16059026,jueedeshmukh,2026-04-03,11:50:27,-07:00,2026-04-03T11:50:27-07:00,4,7
resume\index.html,50,html,16059026,jueedeshmukh,2026-04-03,11:50:27,-07:00,2026-04-03T11:50:27-07:00,6,6
resume\index.html,51,html,16059026,jueedeshmukh,2026-04-03,11:50:27,-07:00,2026-04-03T11:50:27-07:00,8,39
resume\index.html,52,html,16059026,jueedeshmukh,2026-04-03,11:50:27,-07:00,2026-04-03T11:50:27-07:00,8,24
resume\index.html,53,html,16059026,jueedeshmukh,2026-04-03,11:50:27,-07:00,2026-04-03T11:50:27-07:00,6,7
resume\index.html,54,html,16059026,jueedeshmukh,2026-04-03,11:50:27,-07:00,2026-04-03T11:50:27-07:00,6,2
resume\index.html,55,html,16059026,jueedeshmukh,2026-04-03,11:50:27,-07:00,2026-04-03T11:50:27-07:00,8,92
resume\index.html,56,html,16059026,jueedeshmukh,2026-04-03,11:50:27,-07:00,2026-04-03T11:50:27-07:00,8,144
resume\index.html,57,html,16059026,jueedeshmukh,2026-04-03,11:50:27,-07:00,2026-04-03T11:50:27-07:00,8,103
resume\index.html,58,html,16059026,jueedeshmukh,2026-04-03,11:50:27,-07:00,2026-04-03T11:50:27-07:00,8,110
resume\index.html,59,html,16059026,jueedeshmukh,2026-04-03,11:50:27,-07:00,2026-04-03T11:50:27-07:00,6,3
resume\index.html,60,html,16059026,jueedeshmukh,2026-04-03,11:50:27,-07:00,2026-04-03T11:50:27-07:00,4,8
resume\index.html,61,html,16059026,jueedeshmukh,2026-04-03,11:50:27,-07:00,2026-04-03T11:50:27-07:00,4,0
resume\index.html,62,html,16059026,jueedeshmukh,2026-04-03,11:50:27,-07:00,2026-04-03T11:50:27-07:00,4,7
resume\index.html,63,html,16059026,jueedeshmukh,2026-04-03,11:50:27,-07:00,2026-04-03T11:50:27-07:00,6,6
resume\index.html,64,html,16059026,jueedeshmukh,2026-04-03,11:50:27,-07:00,2026-04-03T11:50:27-07:00,8,37
resume\index.html,65,html,16059026,jueedeshmukh,2026-04-03,11:50:27,-07:00,2026-04-03T11:50:27-07:00,8,23
resume\index.html,66,html,16059026,jueedeshmukh,2026-04-03,11:50:27,-07:00,2026-04-03T11:50:27-07:00,6,7
resume\index.html,67,html,16059026,jueedeshmukh,2026-04-03,11:50:27,-07:00,2026-04-03T11:50:27-07:00,6,2
resume\index.html,68,html,16059026,jueedeshmukh,2026-04-03,11:50:27,-07:00,2026-04-03T11:50:27-07:00,8,103
resume\index.html,69,html,16059026,jueedeshmukh,2026-04-03,11:50:27,-07:00,2026-04-03T11:50:27-07:00,8,123
resume\index.html,70,html,16059026,jueedeshmukh,2026-04-03,11:50:27,-07:00,2026-04-03T11:50:27-07:00,8,107
resume\index.html,71,html,16059026,jueedeshmukh,2026-04-03,11:50:27,-07:00,2026-04-03T11:50:27-07:00,8,120
resume\index.html,72,html,16059026,jueedeshmukh,2026-04-03,11:50:27,-07:00,2026-04-03T11:50:27-07:00,6,3
resume\index.html,73,html,16059026,jueedeshmukh,2026-04-03,11:50:27,-07:00,2026-04-03T11:50:27-07:00,4,8
resume\index.html,74,html,16059026,jueedeshmukh,2026-04-03,11:50:27,-07:00,2026-04-03T11:50:27-07:00,4,0
resume\index.html,75,html,16059026,jueedeshmukh,2026-04-03,11:50:27,-07:00,2026-04-03T11:50:27-07:00,2,8
resume\index.html,76,html,16059026,jueedeshmukh,2026-04-03,11:50:27,-07:00,2026-04-03T11:50:27-07:00,2,0
resume\index.html,77,html,51d23a76,jueedeshmukh,2026-04-24,19:57:01,-07:00,2026-04-24T19:57:01-07:00,2,48
resume\index.html,78,html,16059026,jueedeshmukh,2026-04-03,11:50:27,-07:00,2026-04-03T11:50:27-07:00,0,5
resume\index.html,79,html,16059026,jueedeshmukh,2026-04-03,11:50:27,-07:00,2026-04-03T11:50:27-07:00,0,5
projects\projects.js,1,js,14e2c422,jueedeshmukh,2026-04-27,13:43:19,-07:00,2026-04-27T13:43:19-07:00,0,63
projects\projects.js,2,js,14e2c422,jueedeshmukh,2026-04-27,13:43:19,-07:00,2026-04-27T13:43:19-07:00,0,0
projects\projects.js,3,js,46fc60db,jueedeshmukh,2026-04-24,19:02:28,-07:00,2026-04-24T19:02:28-07:00,0,55
projects\projects.js,4,js,46fc60db,jueedeshmukh,2026-04-24,19:02:28,-07:00,2026-04-24T19:02:28-07:00,0,55
projects\projects.js,5,js,46fc60db,jueedeshmukh,2026-04-24,19:02:28,-07:00,2026-04-24T19:02:28-07:00,0,38
projects\projects.js,6,js,51d23a76,jueedeshmukh,2026-04-24,19:57:01,-07:00,2026-04-24T19:57:01-07:00,0,0
projects\projects.js,7,js,51d23a76,jueedeshmukh,2026-04-24,19:57:01,-07:00,2026-04-24T19:57:01-07:00,0,62
projects\projects.js,8,js,51d23a76,jueedeshmukh,2026-04-24,19:57:01,-07:00,2026-04-24T19:57:01-07:00,0,45
projects\projects.js,9,js,51d23a76,jueedeshmukh,2026-04-24,19:57:01,-07:00,2026-04-24T19:57:01-07:00,1,67
projects\projects.js,10,js,51d23a76,jueedeshmukh,2026-04-24,19:57:01,-07:00,2026-04-24T19:57:01-07:00,0,0
projects\projects.js,11,js,51d23a76,jueedeshmukh,2026-04-24,19:57:01,-07:00,2026-04-24T19:57:01-07:00,0,0
projects\projects.js,12,js,46fc60db,jueedeshmukh,2026-04-24,19:02:28,-07:00,2026-04-24T19:02:28-07:00,0,60
projects\projects.js,13,js,5d79d268,jueedeshmukh,2026-05-01,19:02:44,-07:00,2026-05-01T19:02:44-07:00,0,55
projects\projects.js,14,js,5d79d268,jueedeshmukh,2026-05-01,19:02:44,-07:00,2026-05-01T19:02:44-07:00,0,13
projects\projects.js,15,js,9c382bcd,jueedeshmukh,2026-05-01,19:20:59,-07:00,2026-05-01T19:20:59-07:00,0,21
projects\projects.js,16,js,9c382bcd,jueedeshmukh,2026-05-01,19:20:59,-07:00,2026-05-01T19:20:59-07:00,0,22
projects\projects.js,17,js,9c382bcd,jueedeshmukh,2026-05-01,19:20:59,-07:00,2026-05-01T19:20:59-07:00,0,29
projects\projects.js,18,js,5d79d268,jueedeshmukh,2026-05-01,19:02:44,-07:00,2026-05-01T19:02:44-07:00,0,0
projects\projects.js,19,js,51d23a76,jueedeshmukh,2026-04-24,19:57:01,-07:00,2026-04-24T19:57:01-07:00,0,78
projects\projects.js,20,js,51d23a76,jueedeshmukh,2026-04-24,19:57:01,-07:00,2026-04-24T19:57:01-07:00,0,37
projects\projects.js,21,js,51d23a76,jueedeshmukh,2026-04-24,19:57:01,-07:00,2026-04-24T19:57:01-07:00,0,29
projects\projects.js,22,js,51d23a76,jueedeshmukh,2026-04-24,19:57:01,-07:00,2026-04-24T19:57:01-07:00,0,43
projects\projects.js,23,js,9c382bcd,jueedeshmukh,2026-05-01,19:20:59,-07:00,2026-05-01T19:20:59-07:00,0,35
projects\projects.js,24,js,9c382bcd,jueedeshmukh,2026-05-01,19:20:59,-07:00,2026-05-01T19:20:59-07:00,0,33
projects\projects.js,25,js,9c382bcd,jueedeshmukh,2026-05-01,19:20:59,-07:00,2026-05-01T19:20:59-07:00,0,0
projects\projects.js,26,js,9c382bcd,jueedeshmukh,2026-05-01,19:20:59,-07:00,2026-05-01T19:20:59-07:00,0,59
projects\projects.js,27,js,9c382bcd,jueedeshmukh,2026-05-01,19:20:59,-07:00,2026-05-01T19:20:59-07:00,0,49
projects\projects.js,28,js,9c382bcd,jueedeshmukh,2026-05-01,19:20:59,-07:00,2026-05-01T19:20:59-07:00,0,0
projects\projects.js,29,js,9c382bcd,jueedeshmukh,2026-05-01,19:20:59,-07:00,2026-05-01T19:20:59-07:00,0,38
projects\projects.js,30,js,9c382bcd,jueedeshmukh,2026-05-01,19:20:59,-07:00,2026-05-01T19:20:59-07:00,1,31
projects\projects.js,31,js,9c382bcd,jueedeshmukh,2026-05-01,19:20:59,-07:00,2026-05-01T19:20:59-07:00,2,12
projects\projects.js,32,js,9c382bcd,jueedeshmukh,2026-05-01,19:20:59,-07:00,2026-05-01T19:20:59-07:00,2,14
projects\projects.js,33,js,9c382bcd,jueedeshmukh,2026-05-01,19:20:59,-07:00,2026-05-01T19:20:59-07:00,2,12
projects\projects.js,34,js,9c382bcd,jueedeshmukh,2026-05-01,19:20:59,-07:00,2026-05-01T19:20:59-07:00,1,0
projects\projects.js,35,js,9c382bcd,jueedeshmukh,2026-05-01,19:20:59,-07:00,2026-05-01T19:20:59-07:00,0,0
projects\projects.js,36,js,9c382bcd,jueedeshmukh,2026-05-01,19:20:59,-07:00,2026-05-01T19:20:59-07:00,1,53
projects\projects.js,37,js,9c382bcd,jueedeshmukh,2026-05-01,19:20:59,-07:00,2026-05-01T19:20:59-07:00,2,11
projects\projects.js,38,js,9c382bcd,jueedeshmukh,2026-05-01,19:20:59,-07:00,2026-05-01T19:20:59-07:00,2,10
projects\projects.js,39,js,9c382bcd,jueedeshmukh,2026-05-01,19:20:59,-07:00,2026-05-01T19:20:59-07:00,1,2
projects\projects.js,40,js,9c382bcd,jueedeshmukh,2026-05-01,19:20:59,-07:00,2026-05-01T19:20:59-07:00,0,0
projects\projects.js,41,js,9c382bcd,jueedeshmukh,2026-05-01,19:20:59,-07:00,2026-05-01T19:20:59-07:00,1,71
projects\projects.js,42,js,9c382bcd,jueedeshmukh,2026-05-01,19:20:59,-07:00,2026-05-01T19:20:59-07:00,1,25
projects\projects.js,43,js,9c382bcd,jueedeshmukh,2026-05-01,19:20:59,-07:00,2026-05-01T19:20:59-07:00,2,18
projects\projects.js,44,js,9c382bcd,jueedeshmukh,2026-05-01,19:20:59,-07:00,2026-05-01T19:20:59-07:00,1,0
projects\projects.js,45,js,9c382bcd,jueedeshmukh,2026-05-01,19:20:59,-07:00,2026-05-01T19:20:59-07:00,1,35
projects\projects.js,46,js,9c382bcd,jueedeshmukh,2026-05-01,19:20:59,-07:00,2026-05-01T19:20:59-07:00,1,33
projects\projects.js,47,js,9c382bcd,jueedeshmukh,2026-05-01,19:20:59,-07:00,2026-05-01T19:20:59-07:00,0,0
projects\projects.js,48,js,9c382bcd,jueedeshmukh,2026-05-01,19:20:59,-07:00,2026-05-01T19:20:59-07:00,1,34
projects\projects.js,49,js,9c382bcd,jueedeshmukh,2026-05-01,19:20:59,-07:00,2026-05-01T19:20:59-07:00,2,64
projects\projects.js,50,js,9c382bcd,jueedeshmukh,2026-05-01,19:20:59,-07:00,2026-05-01T19:20:59-07:00,2,14
projects\projects.js,51,js,9c382bcd,jueedeshmukh,2026-05-01,19:20:59,-07:00,2026-05-01T19:20:59-07:00,0,0
projects\projects.js,52,js,9c382bcd,jueedeshmukh,2026-05-01,19:20:59,-07:00,2026-05-01T19:20:59-07:00,1,74
projects\projects.js,53,js,9c382bcd,jueedeshmukh,2026-05-01,19:20:59,-07:00,2026-05-01T19:20:59-07:00,1,55
projects\projects.js,54,js,9c382bcd,jueedeshmukh,2026-05-01,19:20:59,-07:00,2026-05-01T19:20:59-07:00,0,0
projects\projects.js,55,js,9c382bcd,jueedeshmukh,2026-05-01,19:20:59,-07:00,2026-05-01T19:20:59-07:00,1,42
projects\projects.js,56,js,9c382bcd,jueedeshmukh,2026-05-01,19:20:59,-07:00,2026-05-01T19:20:59-07:00,1,29
projects\projects.js,57,js,14e2c422,jueedeshmukh,2026-04-27,13:43:19,-07:00,2026-04-27T13:43:19-07:00,0,0
projects\projects.js,58,js,9c382bcd,jueedeshmukh,2026-05-01,19:20:59,-07:00,2026-05-01T19:20:59-07:00,1,34
projects\projects.js,59,js,9c382bcd,jueedeshmukh,2026-05-01,19:20:59,-07:00,2026-05-01T19:20:59-07:00,1,30
projects\projects.js,60,js,9c382bcd,jueedeshmukh,2026-05-01,19:20:59,-07:00,2026-05-01T19:20:59-07:00,0,0
projects\projects.js,61,js,9c382bcd,jueedeshmukh,2026-05-01,19:20:59,-07:00,2026-05-01T19:20:59-07:00,1,55
projects\projects.js,62,js,9c382bcd,jueedeshmukh,2026-05-01,19:20:59,-07:00,2026-05-01T19:20:59-07:00,1,44
projects\projects.js,63,js,9c382bcd,jueedeshmukh,2026-05-01,19:20:59,-07:00,2026-05-01T19:20:59-07:00,1,53
projects\projects.js,64,js,9c382bcd,jueedeshmukh,2026-05-01,19:20:59,-07:00,2026-05-01T19:20:59-07:00,0,0
projects\projects.js,65,js,9c382bcd,jueedeshmukh,2026-05-01,19:20:59,-07:00,2026-05-01T19:20:59-07:00,1,29
projects\projects.js,66,js,9c382bcd,jueedeshmukh,2026-05-01,19:20:59,-07:00,2026-05-01T19:20:59-07:00,2,30
projects\projects.js,67,js,9c382bcd,jueedeshmukh,2026-05-01,19:20:59,-07:00,2026-05-01T19:20:59-07:00,2,1
projects\projects.js,68,js,9c382bcd,jueedeshmukh,2026-05-01,19:20:59,-07:00,2026-05-01T19:20:59-07:00,3,13
projects\projects.js,69,js,9c382bcd,jueedeshmukh,2026-05-01,19:20:59,-07:00,2026-05-01T19:20:59-07:00,3,13
projects\projects.js,70,js,9c382bcd,jueedeshmukh,2026-05-01,19:20:59,-07:00,2026-05-01T19:20:59-07:00,3,24
projects\projects.js,71,js,9c382bcd,jueedeshmukh,2026-05-01,19:20:59,-07:00,2026-05-01T19:20:59-07:00,3,41
projects\projects.js,72,js,9c382bcd,jueedeshmukh,2026-05-01,19:20:59,-07:00,2026-05-01T19:20:59-07:00,3,18
projects\projects.js,73,js,9c382bcd,jueedeshmukh,2026-05-01,19:20:59,-07:00,2026-05-01T19:20:59-07:00,4,49
projects\projects.js,74,js,9c382bcd,jueedeshmukh,2026-05-01,19:20:59,-07:00,2026-05-01T19:20:59-07:00,4,28
projects\projects.js,75,js,9c382bcd,jueedeshmukh,2026-05-01,19:20:59,-07:00,2026-05-01T19:20:59-07:00,3,1
projects\projects.js,76,js,9c382bcd,jueedeshmukh,2026-05-01,19:20:59,-07:00,2026-05-01T19:20:59-07:00,1,1
projects\projects.js,77,js,9c382bcd,jueedeshmukh,2026-05-01,19:20:59,-07:00,2026-05-01T19:20:59-07:00,0,0
projects\projects.js,78,js,9c382bcd,jueedeshmukh,2026-05-01,19:20:59,-07:00,2026-05-01T19:20:59-07:00,1,27
projects\projects.js,79,js,9c382bcd,jueedeshmukh,2026-05-01,19:20:59,-07:00,2026-05-01T19:20:59-07:00,2,4
projects\projects.js,80,js,9c382bcd,jueedeshmukh,2026-05-01,19:20:59,-07:00,2026-05-01T19:20:59-07:00,3,11
projects\projects.js,81,js,9c382bcd,jueedeshmukh,2026-05-01,19:20:59,-07:00,2026-05-01T19:20:59-07:00,3,38
projects\projects.js,82,js,9c382bcd,jueedeshmukh,2026-05-01,19:20:59,-07:00,2026-05-01T19:20:59-07:00,3,41
projects\projects.js,83,js,9c382bcd,jueedeshmukh,2026-05-01,19:20:59,-07:00,2026-05-01T19:20:59-07:00,3,68
projects\projects.js,84,js,9c382bcd,jueedeshmukh,2026-05-01,19:20:59,-07:00,2026-05-01T19:20:59-07:00,3,18
projects\projects.js,85,js,9c382bcd,jueedeshmukh,2026-05-01,19:20:59,-07:00,2026-05-01T19:20:59-07:00,4,55
projects\projects.js,86,js,9c382bcd,jueedeshmukh,2026-05-01,19:20:59,-07:00,2026-05-01T19:20:59-07:00,4,28
projects\projects.js,87,js,9c382bcd,jueedeshmukh,2026-05-01,19:20:59,-07:00,2026-05-01T19:20:59-07:00,3,1
projects\projects.js,88,js,9c382bcd,jueedeshmukh,2026-05-01,19:20:59,-07:00,2026-05-01T19:20:59-07:00,1,1
projects\projects.js,89,js,9c382bcd,jueedeshmukh,2026-05-01,19:20:59,-07:00,2026-05-01T19:20:59-07:00,0,0
projects\projects.js,90,js,9c382bcd,jueedeshmukh,2026-05-01,19:20:59,-07:00,2026-05-01T19:20:59-07:00,0,0
projects\projects.js,91,js,9c382bcd,jueedeshmukh,2026-05-01,19:20:59,-07:00,2026-05-01T19:20:59-07:00,0,23
projects\projects.js,92,js,9c382bcd,jueedeshmukh,2026-05-01,19:20:59,-07:00,2026-05-01T19:20:59-07:00,0,0
projects\projects.js,93,js,9c382bcd,jueedeshmukh,2026-05-01,19:20:59,-07:00,2026-05-01T19:20:59-07:00,0,48
projects\projects.js,94,js,9c382bcd,jueedeshmukh,2026-05-01,19:20:59,-07:00,2026-05-01T19:20:59-07:00,1,39
projects\projects.js,95,js,9c382bcd,jueedeshmukh,2026-05-01,19:20:59,-07:00,2026-05-01T19:20:59-07:00,1,46
projects\projects.js,96,js,9c382bcd,jueedeshmukh,2026-05-01,19:20:59,-07:00,2026-05-01T19:20:59-07:00,2,61
projects\projects.js,97,js,9c382bcd,jueedeshmukh,2026-05-01,19:20:59,-07:00,2026-05-01T19:20:59-07:00,2,28
projects\projects.js,98,js,9c382bcd,jueedeshmukh,2026-05-01,19:20:59,-07:00,2026-05-01T19:20:59-07:00,1,1
projects\projects.js,99,js,9c382bcd,jueedeshmukh,2026-05-01,19:20:59,-07:00,2026-05-01T19:20:59-07:00,1,30
projects\projects.js,100,js,5d79d268,jueedeshmukh,2026-05-01,19:02:44,-07:00,2026-05-01T19:02:44-07:00,0,1
projects\index.html,1,html,07ecf9c3,jueedeshmukh,2026-04-03,11:35:20,-07:00,2026-04-03T11:35:20-07:00,0,13
projects\index.html,2,html,07ecf9c3,jueedeshmukh,2026-04-03,11:35:20,-07:00,2026-04-03T11:35:20-07:00,0,14
projects\index.html,3,html,07ecf9c3,jueedeshmukh,2026-04-03,11:35:20,-07:00,2026-04-03T11:35:20-07:00,0,4
projects\index.html,4,html,07ecf9c3,jueedeshmukh,2026-04-03,11:35:20,-07:00,2026-04-03T11:35:20-07:00,2,20
projects\index.html,5,html,07ecf9c3,jueedeshmukh,2026-04-03,11:35:20,-07:00,2026-04-03T11:35:20-07:00,2,68
projects\index.html,6,html,07ecf9c3,jueedeshmukh,2026-04-03,11:35:20,-07:00,2026-04-03T11:35:20-07:00,2,30
projects\index.html,7,html,1f20ce27,jueedeshmukh,2026-04-10,10:18:40,-07:00,2026-04-10T10:18:40-07:00,2,41
projects\index.html,8,html,07ecf9c3,jueedeshmukh,2026-04-03,11:35:20,-07:00,2026-04-03T11:35:20-07:00,0,5
projects\index.html,9,html,07ecf9c3,jueedeshmukh,2026-04-03,11:35:20,-07:00,2026-04-03T11:35:20-07:00,0,4
projects\index.html,10,html,9c382bcd,jueedeshmukh,2026-05-01,19:20:59,-07:00,2026-05-01T19:20:59-07:00,2,47
projects\index.html,11,html,5d79d268,jueedeshmukh,2026-05-01,19:02:44,-07:00,2026-05-01T19:02:44-07:00,2,4
projects\index.html,12,html,5d79d268,jueedeshmukh,2026-05-01,19:02:44,-07:00,2026-05-01T19:02:44-07:00,4,15
projects\index.html,13,html,5d79d268,jueedeshmukh,2026-05-01,19:02:44,-07:00,2026-05-01T19:02:44-07:00,4,11
projects\index.html,14,html,5d79d268,jueedeshmukh,2026-05-01,19:02:44,-07:00,2026-05-01T19:02:44-07:00,4,26
projects\index.html,15,html,5d79d268,jueedeshmukh,2026-05-01,19:02:44,-07:00,2026-05-01T19:02:44-07:00,4,31
projects\index.html,16,html,5d79d268,jueedeshmukh,2026-05-01,19:02:44,-07:00,2026-05-01T19:02:44-07:00,2,0
projects\index.html,17,html,9c382bcd,jueedeshmukh,2026-05-01,19:20:59,-07:00,2026-05-01T19:20:59-07:00,2,20
projects\index.html,18,html,9c382bcd,jueedeshmukh,2026-05-01,19:20:59,-07:00,2026-05-01T19:20:59-07:00,2,4
projects\index.html,19,html,9c382bcd,jueedeshmukh,2026-05-01,19:20:59,-07:00,2026-05-01T19:20:59-07:00,2,32
projects\index.html,20,html,9c382bcd,jueedeshmukh,2026-05-01,19:20:59,-07:00,2026-05-01T19:20:59-07:00,3,58
projects\index.html,21,html,9c382bcd,jueedeshmukh,2026-05-01,19:20:59,-07:00,2026-05-01T19:20:59-07:00,3,22
projects\index.html,22,html,9c382bcd,jueedeshmukh,2026-05-01,19:20:59,-07:00,2026-05-01T19:20:59-07:00,2,4
projects\index.html,23,html,5d79d268,jueedeshmukh,2026-05-01,19:02:44,-07:00,2026-05-01T19:02:44-07:00,0,0
projects\index.html,24,html,51d23a76,jueedeshmukh,2026-04-24,19:57:01,-07:00,2026-04-24T19:57:01-07:00,2,48
projects\index.html,25,html,51d23a76,jueedeshmukh,2026-04-24,19:57:01,-07:00,2026-04-24T19:57:01-07:00,2,47
projects\index.html,26,html,07ecf9c3,jueedeshmukh,2026-04-03,11:35:20,-07:00,2026-04-03T11:35:20-07:00,0,5
projects\index.html,27,html,07ecf9c3,jueedeshmukh,2026-04-03,11:35:20,-07:00,2026-04-03T11:35:20-07:00,0,5
contact\index.html,1,html,07ecf9c3,jueedeshmukh,2026-04-03,11:35:20,-07:00,2026-04-03T11:35:20-07:00,0,13
contact\index.html,2,html,07ecf9c3,jueedeshmukh,2026-04-03,11:35:20,-07:00,2026-04-03T11:35:20-07:00,0,14
contact\index.html,3,html,07ecf9c3,jueedeshmukh,2026-04-03,11:35:20,-07:00,2026-04-03T11:35:20-07:00,0,4
contact\index.html,4,html,07ecf9c3,jueedeshmukh,2026-04-03,11:35:20,-07:00,2026-04-03T11:35:20-07:00,2,20
contact\index.html,5,html,07ecf9c3,jueedeshmukh,2026-04-03,11:35:20,-07:00,2026-04-03T11:35:20-07:00,2,68
contact\index.html,6,html,07ecf9c3,jueedeshmukh,2026-04-03,11:35:20,-07:00,2026-04-03T11:35:20-07:00,2,32
contact\index.html,7,html,1f20ce27,jueedeshmukh,2026-04-10,10:18:40,-07:00,2026-04-10T10:18:40-07:00,2,41
contact\index.html,8,html,07ecf9c3,jueedeshmukh,2026-04-03,11:35:20,-07:00,2026-04-03T11:35:20-07:00,0,5
contact\index.html,9,html,07ecf9c3,jueedeshmukh,2026-04-03,11:35:20,-07:00,2026-04-03T11:35:20-07:00,0,4
contact\index.html,10,html,07ecf9c3,jueedeshmukh,2026-04-03,11:35:20,-07:00,2026-04-03T11:35:20-07:00,2,26
contact\index.html,11,html,07ecf9c3,jueedeshmukh,2026-04-03,11:35:20,-07:00,2026-04-03T11:35:20-07:00,2,74
contact\index.html,12,html,07ecf9c3,jueedeshmukh,2026-04-03,11:35:20,-07:00,2026-04-03T11:35:20-07:00,4,66
contact\index.html,13,html,07ecf9c3,jueedeshmukh,2026-04-03,11:35:20,-07:00,2026-04-03T11:35:20-07:00,4,48
contact\index.html,14,html,07ecf9c3,jueedeshmukh,2026-04-03,11:35:20,-07:00,2026-04-03T11:35:20-07:00,4,14
contact\index.html,15,html,07ecf9c3,jueedeshmukh,2026-04-03,11:35:20,-07:00,2026-04-03T11:35:20-07:00,6,50
contact\index.html,16,html,07ecf9c3,jueedeshmukh,2026-04-03,11:35:20,-07:00,2026-04-03T11:35:20-07:00,4,10
contact\index.html,17,html,07ecf9c3,jueedeshmukh,2026-04-03,11:35:20,-07:00,2026-04-03T11:35:20-07:00,4,21
contact\index.html,18,html,07ecf9c3,jueedeshmukh,2026-04-03,11:35:20,-07:00,2026-04-03T11:35:20-07:00,2,5
contact\index.html,19,html,51d23a76,jueedeshmukh,2026-04-24,19:57:01,-07:00,2026-04-24T19:57:01-07:00,2,48
contact\index.html,20,html,07ecf9c3,jueedeshmukh,2026-04-03,11:35:20,-07:00,2026-04-03T11:35:20-07:00,0,5
contact\index.html,21,html,07ecf9c3,jueedeshmukh,2026-04-03,11:35:20,-07:00,2026-04-03T11:35:20-07:00,0,5
